fac_id,country,iso3,hub,lat,lon,ftype,cooling,operator,year_online,it_mw,floor_area_m2,site_ha,in_industrial_estate,onsite_thermal_mw,onsite_solar_mwp,boi_promoted,water_source,water_stress,flood100_m,disclosed,pue_obs,wue_obs,util_obs,pue_est,pue_est_p05,pue_est_p95,energy_est_mwh,energy_est_mwh_p05,energy_est_mwh_p95,co2_est_t,co2_est_t_p05,co2_est_t_p95,water_est_m3,water_m3_day,pue_hmice,pue_gbm_shift,pcaf_dq,provenance,carbon_npv_nz_musd,flood_ead_musd,flood_ead_2050_musd,flood_var95_musd,water_cost_musd,tier_home,instrument_home,RBSI,rbsi_tier
F001,Thailand,THA,Bangkok Metro (Samut Prakan / Bang Na),13.58225733806805,100.75395121099973,colocation,air,multinational,2020,22.402929032866716,16726.464096474785,4.181616024118696,0,0.0,0.0,0,potable,3.2,0.0,1,1.515208186380481,0.17835569188019737,0.78891637529605,1.516133064697781,1.4658581587864459,1.5661479267038354,234697.3798828205,224252.12609966373,245559.49172110882,105472.89470372655,93886.94575205719,117319.20468767412,27599.019496155284,75.61375204426105,1.5152081863804807,1.3932374463171755,1,measured,92.80848405449042,0.0,0.0,0.0,0.10393655190074434,0,Permits only (no EIA),-0.03019410458464903,B: IEE/ESA-lite + water & power plan
F002,Thailand,THA,Bangkok Metro (Samut Prakan / Bang Na),13.605542234321465,100.6431466797547,hyperscale,evaporative,local,2016,12.509411983445078,11368.698093149866,2.8421745232874667,0,0.0,2.0,0,reclaimed,3.2,0.0,0,,,,1.3545539609064663,1.2159753893596428,1.4872867723568894,108120.70358633058,73193.32679026463,135534.87274119767,48491.02060090759,32695.387212251146,62406.31995569616,141798.55077114783,388.48918019492555,1.365994977722158,1.482639926538494,3,estimated,42.75513684797961,0.0,0.0,0.0,0.0487898989963163,0,Permits only (no EIA),-0.16470807229751094,C: registration + resource plan
F003,Thailand,THA,Bangkok Metro (Samut Prakan / Bang Na),13.674052294911023,100.72759682485147,enterprise,air,regional,2015,2.104376618668479,2817.457900996379,0.7043644752490947,0,0.0,6.0,1,potable,3.2,0.37405943420696064,0,,,,1.5870540953460401,1.4243979625724792,1.7464898935380793,21233.46165783491,14252.459121848722,27145.266152984314,9533.170039553772,6309.465177697059,12332.57044253724,4021.350153550039,11.01739768095901,1.496459037516479,1.5300573279660967,4,proxied,8.396537654901417,0.2394774984974834,0.3209336626788099,0.498375222478148,0.010620415918120962,1,NEQA indirect capture: MONRE 2023 solar notification,-1.4100659513546414,C: registration + resource plan
F004,Thailand,THA,Bangkok Metro (Samut Prakan / Bang Na),13.762685031892088,100.68958175760669,hyperscale,evaporative,multinational,2025,26.321621760609773,22627.792032833684,5.6569480082084205,1,0.0,0.0,0,reclaimed,3.2,0.63087516024711,1,1.2709008871168768,2.8117461739428173,0.733067431248432,1.2702450598152266,1.2297711943634662,1.3129040841350268,214594.2064953267,205153.442980826,225196.72882462858,96543.84207721369,86053.39042570058,107234.89024410183,475501.5660588684,1302.7440165996395,1.2709008871168768,1.2884097467871904,1,measured,84.85890639959966,5.868600053112374,7.598695845875031,10.926593501481126,0.10266104184744555,1,NEQA indirect capture: IEAT industrial estate,0.6770905689850443,A: full EIA + resource-consumption plan
F005,Thailand,THA,Bangkok Metro (Samut Prakan / Bang Na),13.72425831007379,100.57607295710892,enterprise,air,regional,2016,2.709760412431627,4916.469573226518,1.2291173933066295,0,0.0,2.0,0,potable,3.2,0.0,0,,,,1.5840179675315904,1.4134516297682498,1.7414811473824046,27227.24967295913,18756.217642373816,34310.394411072026,12219.76607769464,8304.552286785593,15806.43371984568,5189.515460860332,14.217850577699538,1.455936242811482,1.477966230055609,4,proxied,10.766714858010326,0.0,0.0,0.0,0.013682466385301203,0,Permits only (no EIA),-1.296287228891158,C: registration + resource plan
F006,Thailand,THA,Bangkok Metro (Samut Prakan / Bang Na),13.58763976520133,100.59090790064629,enterprise,air,multinational,2019,5.5314404787357905,7078.133021101508,1.769533255275377,0,0.0,2.0,1,potable,3.2,0.0,0,,,,1.579355318408075,1.4129822482454175,1.740333395972987,55806.02497839971,37477.447693750175,70611.48579052492,24999.59235397536,16878.5013183555,32382.696565594633,10715.55074084634,29.357673262592712,1.5691990149218915,1.5238291676191826,4,proxied,22.067875584883847,0.0,0.0,0.0,0.028003359872814347,0,Permits only (no EIA),-0.8633745725511267,C: registration + resource plan
F007,Thailand,THA,Bangkok Metro (Samut Prakan / Bang Na),13.577551074558649,100.70332829075953,colocation,air,multinational,2022,6.177342158283021,7011.825941634095,1.7529564854085238,1,3.7064052949698123,0.0,1,potable,3.2,1.5139183733611208,0,,,,1.5518149100785588,1.391321931350422,1.7093404739760583,61082.65296086137,40858.714201823,77499.23078563873,27380.42647185147,18222.920313758088,35537.91020265983,11795.909322062871,32.317559786473616,1.486559125150404,1.4310347965341177,3,estimated,24.154459782015802,3.3081279917456157,3.837736440973089,4.641694165910143,0.03117075639860382,1,NEQA indirect capture: IEAT industrial estate,-0.5644863908970664,C: registration + resource plan
F008,Thailand,THA,Bangkok Metro (Samut Prakan / Bang Na),13.682614325166742,100.53316197375044,colocation,evaporative,multinational,2021,11.6385302931445,11382.852585292185,2.8457131463230465,1,0.0,0.0,0,reclaimed,3.2,0.0,0,,,,1.4056245506517755,1.2754872476870378,1.5378300211561138,103776.10556818667,71319.32436688466,130939.4090625056,46613.33476346331,31575.13034673152,60663.183228380774,136225.25796130172,373.21988482548414,1.4249952757279227,1.4861263453838547,3,estimated,41.03711359569023,0.0,0.0,0.0,0.04539323816495685,1,NEQA indirect capture: IEAT industrial estate,-0.1906989143047485,C: registration + resource plan
F009,Thailand,THA,Bangkok Metro (Samut Prakan / Bang Na),13.71705809381876,100.62290180667928,colocation,liquid,multinational,2016,3.937438755293839,4983.65599377999,1.2459139984449976,1,0.0,0.0,0,potable,3.2,0.0,1,1.42184680539206,0.8337581906997195,0.6810558230278583,1.4205769996411837,1.3756037259848517,1.4683849454457267,33383.239945971036,31872.46717111842,35016.172895933865,15031.954443136538,13378.612444506041,16699.83435452066,19572.640240207318,53.623671890978954,1.4218468053920603,1.4218539520916744,2,measured,13.201033150688646,0.0,0.0,0.0,0.027100600079741664,1,NEQA indirect capture: IEAT industrial estate,-1.007261689562572,C: registration + resource plan
F010,Thailand,THA,Bangkok Metro (Samut Prakan / Bang Na),13.645049315176436,100.64113394547152,colocation,air,local,2018,9.40629642922465,12106.648695404403,3.0266621738511006,1,0.0,0.0,1,potable,3.2,0.5153428787895903,0,,,,1.5812090359925146,1.4098834209211406,1.7459914873001066,94731.62921303528,63771.857863203295,120476.75673197539,42544.00262369361,28494.05495470318,55205.31611477113,18166.46775590079,49.771144536714495,1.4151904786358898,1.4817493815238632,3,estimated,37.46057541700505,1.6288427671969388,2.150821597953179,3.044257773355435,0.04758683710829877,1,NEQA indirect capture: IEAT industrial estate,-0.3782938320021314,C: registration + resource plan
F011,Thailand,THA,Bangkok Metro (Samut Prakan / Bang Na),13.637435002290324,100.62439187491245,colocation,evaporative,multinational,2021,23.022359539833054,15307.525806011094,3.8268814515027736,0,0.0,2.0,1,potable,3.2,0.0,0,,,,1.3949596997842066,1.2649574425325227,1.5318282773490295,205504.4160773641,137988.1376694661,258926.2159727335,92080.08824180852,61277.53938458816,118689.88290614272,261697.599970291,716.9797259460028,1.4100226974892212,1.4577257984715775,3,estimated,81.26444927576924,0.0,0.0,0.0,0.2468116372340751,0,Permits only (no EIA),0.2359793397014526,B: IEE/ESA-lite + water & power plan
F012,Thailand,THA,Bangkok Metro (Samut Prakan / Bang Na),13.551753011552629,100.54962636508833,edge,evaporative,multinational,2025,0.9014161368145869,2493.2530784833784,0.6233132696208445,1,0.0,0.0,1,potable,3.2,0.0,1,1.447753619838185,2.251651320891883,0.727796088532992,1.4478163804992592,1.398420354169508,1.4940399339174897,8325.567343729914,7922.796213039999,8711.108260738556,3738.639824558409,3326.1173629438267,4176.72064192652,12945.38574995428,35.466810273847344,1.447753619838185,1.4731000513454469,1,measured,3.292253558394765,0.0,0.0,0.0,0.01128298441478309,1,NEQA indirect capture: IEAT industrial estate,-1.6795713475321519,C: registration + resource plan
F013,Thailand,THA,Bangkok Metro (Samut Prakan / Bang Na),13.565527789201758,100.57250301111759,hyperscale,air,multinational,2018,16.054750140324135,18918.19986140169,4.729549965350422,0,0.0,12.0,1,potable,3.2,0.826815174442197,0,,,,1.522848486195847,1.3613737989469352,1.6841902281907144,156269.2034258133,105166.95996566287,197449.15025362256,70178.43042222442,46673.44941971333,90585.11285832296,31153.83063838713,85.35296065311543,1.4548678048295116,1.6613133831973936,3,estimated,61.794928778470435,4.876060415164808,6.139821120147059,8.380915331612202,0.08130992092149686,2,NEQA indirect capture: MONRE 2023 solar notification,0.07747311686941605,B: IEE/ESA-lite + water & power plan
F014,Thailand,THA,Bangkok Metro (Samut Prakan / Bang Na),13.62165739908022,100.72093360491942,colocation,air,regional,2024,13.023437681652412,12149.268552858413,3.037317138214603,1,0.0,2.0,0,potable,3.2,0.7279400432890006,0,,,,1.5395201502505793,1.3740176225799017,1.70940616523796,126970.73372200658,87657.54082758504,162146.60887332712,56900.52555159431,39019.72973944409,74425.12049355025,25259.7556594137,69.20481002579095,1.4109650248606003,1.5478756439544803,3,estimated,50.20917285872251,3.436992507747181,4.374780073390796,6.091413981814859,0.06595058378853508,1,NEQA indirect capture: IEAT industrial estate,-0.10191154119083812,B: IEE/ESA-lite + water & power plan
F015,Thailand,THA,Bangkok Metro (Samut Prakan / Bang Na),13.687207037717606,100.68250681085661,hyperscale,evaporative,multinational,2026,17.450930896292427,16649.2745304688,4.1623186326171995,0,0.0,12.0,0,reclaimed,3.2,0.5116129823136062,1,1.344499760908168,1.93575567321524,0.7005951754926654,1.3456849900908434,1.2996744792714152,1.3899214615602313,143906.12576245694,137172.0942549918,150875.10622497005,64837.628531046634,57533.72827878147,72061.9972338147,207095.27512306336,567.3843154056531,1.3444997609081677,1.3404412544806925,1,measured,56.90608640299566,2.993781122777672,3.955426484432031,5.877691318334474,0.06806308377632635,2,NEQA indirect capture: MONRE 2023 solar notification,0.260490635701444,B: IEE/ESA-lite + water & power plan
F016,Thailand,THA,Bangkok Metro (Samut Prakan / Bang Na),13.63638812992252,100.61310708427911,hyperscale,evaporative,multinational,2023,25.114343749903927,21126.972196727027,5.281743049181757,1,0.0,0.0,1,reclaimed,3.2,0.9335355495614603,1,1.5097744152917705,2.176040809939846,0.7443415656621515,1.5083862309423113,1.4599871216037077,1.559054376318629,247014.04484422217,235610.5581466286,258244.45594656985,111455.42322123506,98843.1622874032,123182.66063836394,356034.66173321917,975.4374294060799,1.5097744152917707,1.2868601651216487,1,measured,97.6789730401172,8.666054653259316,10.765336712614376,14.730484635373088,0.09795234952195783,1,NEQA indirect capture: IEAT industrial estate,0.7492934868666207,A: full EIA + resource-consumption plan
F017,Thailand,THA,Bangkok Metro (Samut Prakan / Bang Na),13.574750019832239,100.72900690814272,hyperscale,evaporative,multinational,2023,18.55972662811204,23186.976141585114,5.796744035396278,1,0.0,6.0,1,groundwater,3.2,0.0,0,,,,1.334969929141822,1.204705625662641,1.4680013785579598,158284.54701044183,108454.30684461283,199507.8718451507,70548.39740815494,47274.35830042182,91194.80502808574,217769.24607359563,596.6280714345086,1.4422393049305469,1.4809652651155976,3,estimated,62.591874117322114,0.0,0.0,0.0,0.07238767008259066,1,NEQA indirect capture: IEAT industrial estate; MONRE 2023 solar notification,0.08164673523240934,B: IEE/ESA-lite + water & power plan
F018,Thailand,THA,Bangkok Metro (Samut Prakan / Bang Na),13.594325130221678,100.63223993568214,edge,air,regional,2023,1.925316464836781,3464.4843904805866,0.8661210976201467,0,0.0,0.0,1,potable,3.2,0.4072340666589619,0,,,,1.5414993899056795,1.3812444798354178,1.7109571453006676,18891.447468821665,12691.253801474284,24031.103779552144,8510.514023213364,5641.636578302578,10993.683288826223,3693.9982569048325,10.12054316960228,1.5524729143226002,1.4243626610069666,4,proxied,7.470414037224269,0.24465189232264464,0.3281588284452404,0.49175404411626034,0.009725624486058064,0,Permits only (no EIA),-1.473369103282132,C: registration + resource plan
F019,Thailand,THA,Bangkok Metro (Samut Prakan / Bang Na),13.580505446188054,100.76066162609457,enterprise,air,regional,2024,3.521433959487259,4085.8543495147424,1.0214635873786855,0,0.0,6.0,1,potable,3.2,1.4134552626234616,0,,,,1.547945386898029,1.3786372405407792,1.7145303879306941,34914.12828222924,24064.159638239234,43969.332260952004,15617.765266810933,10657.842242873932,20216.387402561635,6773.532289823655,18.55762271184563,1.4867120636909783,1.374719781531383,4,proxied,13.806406017721768,1.7826920866870988,2.1060811199577376,2.593693429045063,0.017798610446132835,1,NEQA indirect capture: MONRE 2023 solar notification,-0.9749614967952027,C: registration + resource plan
F020,Thailand,THA,Bangkok Metro (Samut Prakan / Bang Na),13.66067019905144,100.6206208979528,colocation,air,regional,2025,15.780064346269246,15388.833923826583,3.8472084809566454,0,9.468038607761548,0.0,1,potable,3.2,1.0732146824814224,0,,,,1.5313046352261486,1.3716641237878342,1.6952616736425425,154579.69870634517,103358.46379959413,195962.58485059606,69019.0258778795,45994.60183499745,90081.5631734572,29909.50680753657,81.94385426722349,1.4922388814014718,1.5401831031388795,3,estimated,61.126832816363695,6.251818396121287,7.652283057648937,9.775186757550223,0.0794919819294552,1,NEQA indirect capture: ERC Environmental & Safety Assessment (ESA),0.09955674315052593,B: IEE/ESA-lite + water & power plan
F021,Thailand,THA,Bangkok Metro (Samut Prakan / Bang Na),13.550979986401003,100.53979804622911,edge,evaporative,regional,2026,2.1165779608328688,2857.659500240196,0.714414875060049,0,0.0,0.0,1,potable,3.2,0.0,0,,,,1.3712666645377993,1.2372564519231106,1.5055899635484877,18659.092479265433,12735.47100942649,23278.16452867479,8345.506758840798,5618.392959702488,10671.748504782363,24491.98337371374,67.1013243115445,1.301341484377042,1.41893036641998,5,proxied,7.378531825526901,0.0,0.0,0.0,0.02295038419830524,0,Permits only (no EIA),-1.2273420366659928,C: registration + resource plan
F022,Thailand,THA,Bangkok Metro (Samut Prakan / Bang Na),13.75429635649855,100.62085171074077,enterprise,air,regional,2017,3.406244303011214,3634.0000771157224,0.9085000192789306,1,0.0,0.0,1,potable,3.2,0.5968360178947142,0,,,,1.5802504381775968,1.4185257064742596,1.7505535330868334,34181.460762525436,23387.342512990603,43398.56371920357,15357.409958120727,10303.095959896336,19876.032012480056,6427.19598028011,17.608756110356467,1.4442255497254815,1.4552592492212528,4,proxied,13.51668074744554,0.7097301628791237,0.924330154959729,1.2931874071551839,0.017141539605048696,1,NEQA indirect capture: IEAT industrial estate,-1.0727680924850223,C: registration + resource plan
F023,Thailand,THA,Bangkok Metro (Samut Prakan / Bang Na),13.713862822313725,100.66862624456175,enterprise,air,local,2025,8.853150147993512,9576.621615730437,2.394155403932609,0,0.0,6.0,0,potable,3.2,0.0,0,,,,1.5339227059937537,1.372238961501779,1.6983823398673088,85775.43534599224,56963.33724575416,110056.53837031311,38601.2721849323,25711.366272778567,50173.08840587673,16914.814615362986,46.34195785030955,1.4933445444396707,1.539762321104178,4,proxied,33.91894757218891,0.0,0.0,0.0,0.04467843357048103,1,NEQA indirect capture: MONRE 2023 solar notification,-0.5945148476463462,C: registration + resource plan
F024,Thailand,THA,Bangkok Metro (Samut Prakan / Bang Na),13.574934370629542,100.71548176879688,enterprise,air,regional,2013,1.9701220163005115,4445.812265522013,1.1114530663805033,0,0.0,2.0,1,potable,3.2,0.4520442400357542,0,,,,1.6075637682893322,1.4413668008432863,1.7727032508334661,20163.449553167316,13576.073793757565,25450.636471439262,8960.412106474425,5981.446297529969,11582.333934922483,3745.1875335075893,10.260787763034491,1.4623562787875295,1.5212790934079594,4,proxied,7.9734131981915235,0.28717927771766516,0.38345591431426,0.5871360500788837,0.009931091136599767,0,Permits only (no EIA),-1.4394520469746446,C: registration + resource plan
F025,Thailand,THA,Bangkok Metro (Samut Prakan / Bang Na),13.630170431813887,100.53400135096105,hyperscale,liquid,multinational,2020,22.742268742398274,19890.11732904406,4.972529332261015,0,0.0,0.0,1,potable,3.2,0.0,1,1.3095327460981117,1.1524332430547952,0.7251117674481194,1.3097416571782265,1.2675586988801262,1.3524400831492605,188938.185031599,180667.37685954064,198506.9282366373,84906.45440707404,75689.25787579201,95160.30895476598,166503.91835346867,456.1751187766265,1.3095327460981119,1.1769876497297975,1,measured,74.71351636539107,0.0,0.0,0.0,0.1886030026779729,0,Permits only (no EIA),0.10132583847534096,B: IEE/ESA-lite + water & power plan
F026,Thailand,THA,Bangkok Metro (Samut Prakan / Bang Na),13.61639063335796,100.74628193340358,colocation,evaporative,regional,2026,9.310558989351557,8585.670024669347,2.146417506167337,1,0.0,2.0,1,potable,3.2,1.5672942479893244,0,,,,1.3701941108162505,1.2400758765501605,1.5023099502815587,81194.62584654952,55301.75834323538,102532.44401306269,36416.76447769059,24581.386292213003,47100.30943796667,107744.75137267896,295.19109965117525,1.2524034795229804,1.3707307178705688,3,estimated,32.107517101180036,5.13091459414619,5.898969400226332,7.1009759505949415,0.10096040683174551,1,NEQA indirect capture: IEAT industrial estate,-0.038694181043680866,B: IEE/ESA-lite + water & power plan
F027,Thailand,THA,Bangkok Metro (Samut Prakan / Bang Na),13.675208208361878,100.69050060051518,hyperscale,liquid,multinational,2014,45.2382080626962,38163.369407022336,9.540842351755584,1,0.0,0.0,0,potable,3.2,0.0,1,1.3055285741937028,0.8053210628922327,0.6326485281032259,1.305500535260748,1.26170162059941,1.3487650937279512,327233.03182066756,312188.2013139054,342904.6853293522,147007.83959752612,131263.36532373828,164040.9447682483,201830.34903955186,552.9598603823339,1.3055285741937028,1.297097463405412,1,measured,129.40068453680263,0.0,0.0,0.0,0.2975387651488322,1,NEQA indirect capture: IEAT industrial estate,0.39197024079939075,B: IEE/ESA-lite + water & power plan
F028,Thailand,THA,Bangkok Metro (Samut Prakan / Bang Na),13.765118594668385,100.70251222820909,colocation,air,regional,2025,12.939983176560848,10383.552302631417,2.595888075657854,0,0.0,0.0,1,potable,3.2,0.9756834709230298,0,,,,1.5263762744794098,1.3605645353986915,1.6891402014805805,126419.7901560658,85067.328414878,159746.10916911607,56567.67975528767,37669.66806633701,73616.76599829138,24652.641923903844,67.54148472302423,1.5556881989947002,1.6000464184771148,3,estimated,49.99130831681723,4.676437649037847,5.7829823240148395,7.578790157755409,0.0652608216807234,0,Permits only (no EIA),-0.06714489899065612,B: IEE/ESA-lite + water & power plan
F029,Thailand,THA,Chonburi / Sriracha (EEC),13.187167778627042,101.02816453673196,colocation,evaporative,multinational,2021,72.6307869019992,53477.11196153493,13.369277990383733,1,0.0,2.0,1,surface,3.4,0.2711329609009845,1,1.3460804717068244,1.855638391553519,0.8263174637084623,1.3476797768558728,1.3033022170590365,1.390987127648862,708495.9840400033,675748.944978418,741405.6757596079,317935.9647145509,282782.82987850223,355862.9240536856,974653.7978942727,2670.284377792528,1.3460804717068242,1.3400252613915669,2,measured,280.1669037390914,5.27479293716837,7.244263022102374,11.452866489320378,0.34958093991675104,1,NEQA indirect capture: IEAT industrial estate,1.4409894242800156,A: full EIA + resource-consumption plan
F030,Thailand,THA,Chonburi / Sriracha (EEC),13.266824108107915,100.89869428003406,hyperscale,liquid,multinational,2025,29.947063801482546,22628.51452671713,5.657128631679282,1,0.0,2.0,0,potable,3.4,0.27980385840391747,1,1.12,0.625724480683937,0.5997908816827099,1.1193378891709378,1.082573335978763,1.156586054589177,176086.10773159814,168117.22507941833,184053.55972461714,79260.23061512431,70570.24267874245,88341.22532256524,98369.18165711546,269.5046072797684,1.1200000000000003,1.1239124773168756,1,measured,69.63130448999758,2.2787763501347547,3.1167961293297255,4.854997044940733,0.2031604225048018,1,NEQA indirect capture: IEAT industrial estate,0.193782561796536,B: IEE/ESA-lite + water & power plan
F031,Thailand,THA,Chonburi / Sriracha (EEC),13.088108835839256,100.95780325658687,colocation,air,regional,2026,84.93327343908871,87124.4872767517,21.781121819187923,1,0.0,0.0,1,potable,3.4,0.3376653425115263,1,1.394685943532974,0.3629404457555703,0.7905465846953126,1.395014014406073,1.3503079734145926,1.4401584631182536,820634.9679654456,782419.3890681721,857772.9804334473,368786.6026975978,329123.7095566545,410399.9240432064,213600.31609242831,585.2063454587077,1.3946859435329737,1.3898437592621447,2,measured,324.5110251209636,8.428824264826034,11.295725881997866,17.71718574460596,0.536954515388224,1,NEQA indirect capture: IEAT industrial estate,1.4253129067737236,A: full EIA + resource-consumption plan
F032,Thailand,THA,Chonburi / Sriracha (EEC),13.239858271078003,101.06529535379217,colocation,air,regional,2013,41.92902387660735,31596.856856493458,7.899214214123365,1,0.0,0.0,0,potable,3.4,0.2030707566797186,0,,,,1.6118155641619163,1.447625130181214,1.7788382583083022,428667.07793569984,288940.32817160187,546219.4536672985,192710.3883412711,129905.04126708306,251244.81866883946,81305.62186627998,222.75512840076706,1.5389887324720082,1.475647451051897,3,estimated,169.51165661561149,2.064644282315338,2.7549971967870057,4.589790075928945,0.2505929390322755,1,NEQA indirect capture: IEAT industrial estate,0.6427042051704291,A: full EIA + resource-consumption plan
F033,Thailand,THA,Chonburi / Sriracha (EEC),13.117491166173194,100.84274900899969,colocation,air,multinational,2025,36.88159252952164,29938.04482625383,7.484511206563457,1,0.0,12.0,1,potable,3.4,0.3026383477261874,1,1.3708876513593582,0.28596720420626054,0.8164010642346649,1.3702985185637586,1.3246656695228998,1.4157548774626676,360939.8120748997,344322.30226481194,378500.3342058318,162266.34716157778,144476.1111505615,181049.5423719185,75369.60665003661,206.49207301379894,1.370887651359358,1.3734272810186998,1,measured,142.72965812532328,3.143353649726833,4.259651131223055,6.804744687496828,0.22273741998165364,2,NEQA indirect capture: MONRE 2023 solar notification,0.6065490357162184,A: full EIA + resource-consumption plan
F034,Thailand,THA,Chonburi / Sriracha (EEC),13.083072387893543,101.04023937637012,colocation,air,multinational,2015,20.871887767965642,21383.77341342837,5.345943353357092,1,0.0,0.0,0,potable,3.4,0.0,0,,,,1.6002701484553965,1.4395799194158287,1.7649670243401743,212102.69877847057,144629.71419964498,269572.4247887828,95214.00085416861,64741.357526691085,122869.45804047893,41226.807996645264,112.95015889491853,1.5201483840712082,1.4488870394797944,3,estimated,83.8736672191413,0.0,0.0,0.0,0.1251950561926855,1,NEQA indirect capture: IEAT industrial estate,-0.021514726190124463,B: IEE/ESA-lite + water & power plan
F035,Thailand,THA,Chonburi / Sriracha (EEC),13.040071158558007,101.04355096498057,colocation,liquid,multinational,2016,24.63014868859839,22389.492106312005,5.597373026578002,0,0.0,0.0,1,potable,3.4,0.0,1,1.2785118445672,0.8795310291415922,0.7700618945724531,1.2781221477761981,1.2354747607511818,1.3200211656374816,212249.35535436054,202702.36281470265,222758.85844378782,95490.74621424222,85004.91547004586,106354.97985086477,146044.4691322428,400.1218332390214,1.2785118445672,1.2929400958059096,1,measured,83.93166094063814,0.0,0.0,0.0,0.2061746264502208,0,Permits only (no EIA),0.14029758251232538,B: IEE/ESA-lite + water & power plan
F036,Thailand,THA,Chonburi / Sriracha (EEC),13.224704268801341,100.98227701072425,hyperscale,air,regional,2023,62.33493915039803,50874.83758222248,12.718709395555619,1,0.0,0.0,1,potable,3.4,0.2692765526110627,0,,,,1.4853829290976268,1.322537399555483,1.6522478464822632,591452.2923581223,398715.7439367716,745439.4262827522,265255.3819062862,177030.05802426327,343733.92301743483,118959.98452177178,325.91776581307334,1.5182470657154608,1.4065967764357734,3,estimated,233.88326990150858,4.480766963906477,6.159479759670662,9.85021459417462,0.371401744905323,1,NEQA indirect capture: IEAT industrial estate,1.002406105232689,A: full EIA + resource-consumption plan
F037,Thailand,THA,Chonburi / Sriracha (EEC),13.054557129840008,100.9427464579011,colocation,evaporative,regional,2015,26.517957481819643,33614.68447845774,8.403671119614435,1,0.0,0.0,0,potable,3.4,0.2940618435594697,0,,,,1.4371031739242368,1.3036864479908612,1.5706358503302622,242758.30567457518,165167.59078131733,304919.1504175331,108507.15860960513,74239.33485228282,139553.47573064498,299909.3477402831,821.6694458637894,1.3713766899590853,1.4217259915252356,3,estimated,95.99608803704027,2.1690969008962773,2.9489720251574507,4.564205922790256,0.3075798102903011,1,NEQA indirect capture: IEAT industrial estate,0.533298067878599,B: IEE/ESA-lite + water & power plan
F038,Thailand,THA,Chonburi / Sriracha (EEC),13.055656335533792,100.970371532377,colocation,air,regional,2018,40.92973471337589,44361.58348380722,11.090395870951804,1,24.557840828025537,6.0,1,potable,3.4,0.0,0,,,,1.5793008347292894,1.4172194688651345,1.7433736699774844,411979.39752487256,278409.00683040154,521195.86373821663,184378.33084649197,123373.67105837264,240340.68148452774,78885.18684435394,216.12379957357246,1.4185082646624187,1.4407677658756932,3,estimated,162.91269789656675,0.0,0.0,0.0,0.24433097596532785,2,NEQA indirect capture: NEQA EIA,0.4307806786262912,B: IEE/ESA-lite + water & power plan
F039,Thailand,THA,Chonburi / Sriracha (EEC),13.107649566858743,100.88678873598396,colocation,air,local,2026,25.905849783347293,25072.276280746017,6.268069070186503,1,0.0,0.0,1,potable,3.4,0.39218878109106897,1,1.560353659916036,0.3365375227208714,0.7611241768346588,1.560862287387323,1.5082444956405114,1.611987996711196,269426.69762927486,256779.85962900118,281544.9584253259,121180.75640090398,108381.3215272474,135221.63283566048,58130.30349956441,159.26110547825866,1.560353659916036,1.3562465297925121,2,measured,106.54180878910998,3.1359612962642753,4.205080280233782,6.521359177732863,0.15956623385972077,1,NEQA indirect capture: IEAT industrial estate,0.39284551327123624,B: IEE/ESA-lite + water & power plan
F040,Thailand,THA,Chonburi / Sriracha (EEC),13.109443514922626,100.87889145724805,edge,air,multinational,2018,2.907492231814563,5158.073072973536,1.2895182682433841,1,0.0,2.0,1,potable,3.4,0.41598266030418063,1,1.3618875752055102,0.30039499677411136,0.8239022794980424,1.3626795409575467,1.3177940533435375,1.4088166939417783,28584.21268084132,27248.69134281822,29946.10611553173,12867.732805260635,11438.189001052622,14255.25652557011,6294.215599312257,17.244426299485635,1.3618875752055104,1.45204801073698,1,measured,11.303310876859983,0.37962180815321167,0.5092971924681913,0.7649864159264039,0.01777064825258272,1,NEQA indirect capture: IEAT industrial estate,-1.185812620464475,C: registration + resource plan
F041,Thailand,THA,Chonburi / Sriracha (EEC),13.248467362742414,100.86765486650752,colocation,evaporative,multinational,2012,71.39685262792665,62575.79198628747,15.643947996571868,0,0.0,0.0,1,potable,3.4,0.12756531765343052,1,1.415224825848591,2.9671053542124217,0.6834500678542286,1.4147504353304972,1.3689026677971876,1.4618586778403506,604689.1765008166,577243.9999643684,634997.3945113571,272436.79964045563,242099.84797821348,303005.4452469504,1269424.1366015205,3477.874346853481,1.4152248258485913,1.4266900893104038,1,measured,239.11764938841097,2.0197427086610373,2.6070867399961015,4.083462724942434,1.1052963439504502,0,Permits only (no EIA),1.2517277207038606,A: full EIA + resource-consumption plan
F042,Thailand,THA,Chonburi / Sriracha (EEC),13.099536295048111,100.95351758681578,colocation,evaporative,regional,2023,24.68662770421155,23513.459603844985,5.878364900961246,1,0.0,0.0,1,potable,3.4,0.0,1,1.355486626069148,1.4522953309823556,0.6500392209875954,1.3565001728672108,1.3100072228292008,1.3998431388855916,190632.15556142209,181644.8542175502,199527.71661868642,85640.83114272033,76568.44763720027,95581.45562755315,204060.52142070647,559.0699217005657,1.3554866260691478,1.341101913659202,2,measured,75.38337828282856,0.0,0.0,0.0,0.2412560982948921,1,NEQA indirect capture: IEAT industrial estate,0.1676910654951266,B: IEE/ESA-lite + water & power plan
F043,Thailand,THA,Chonburi / Sriracha (EEC),13.169120099814764,101.03745283692764,edge,air,multinational,2022,6.517242622450343,7262.683408379797,1.8156708520949492,1,0.0,6.0,1,potable,3.4,0.0,1,1.406843826481079,0.34794362821498886,0.7670504923126431,1.4062882105592012,1.3615321556557314,1.4517131159278571,61598.07134423171,58789.96504052364,64469.1902444363,27723.794387470036,24652.699117505374,30896.51932481665,15226.760190105992,41.71715120576984,1.4068438264810792,1.4003875225750988,1,measured,24.358276283240922,0.0,0.0,0.0,0.04050434907632793,1,NEQA indirect capture: IEAT industrial estate; MONRE 2023 solar notification,-0.7573501834497334,C: registration + resource plan
F044,Thailand,THA,Chonburi / Sriracha (EEC),13.225645907760628,100.9021389540112,hyperscale,air,multinational,2018,45.16872777151385,34427.393215609525,8.606848303902382,1,27.10123666290831,0.0,1,potable,3.4,0.0,1,1.3574188375646874,0.3126256457603448,0.6019509954439346,1.356614066180009,1.314020483883059,1.4014502980852255,323202.911012982,308863.03155261406,338338.74518137274,145636.92506561428,129648.40573301869,161386.2827647571,74469.51672253328,204.02607321241996,1.3574188375646872,1.3531908576879645,1,measured,127.807017820521,0.0,0.0,0.0,0.26208437056802997,2,NEQA indirect capture: NEQA EIA,0.3078502694846172,B: IEE/ESA-lite + water & power plan
F045,Thailand,THA,Chonburi / Sriracha (EEC),13.16136301361374,100.99502365694075,colocation,air,multinational,2017,31.123664838249702,24851.934832081937,6.212983708020484,1,0.0,12.0,0,potable,3.4,0.24454997068028111,0,,,,1.5774866066416222,1.4160014427650833,1.7370424606179686,313588.946534912,210925.91803600753,399296.6161677779,140167.3427388603,93536.29031471399,181208.28114843316,59134.189911443726,162.01147920943487,1.4424669672868842,1.4776443760484144,3,estimated,124.00528185990275,1.9432648007430684,2.690579449562823,4.229331348271251,0.18528255343860386,2,NEQA indirect capture: MONRE 2023 solar notification,0.41549841943794774,B: IEE/ESA-lite + water & power plan
F046,Thailand,THA,Chonburi / Sriracha (EEC),13.230579298001084,100.91210376885681,edge,air,regional,2019,3.695747157122245,4524.0639837015915,1.1310159959253978,1,0.0,0.0,1,potable,3.4,0.6220995172939572,0,,,,1.57024501358335,1.4079970010816132,1.7364070202180102,37349.44488369834,24987.849939899363,46797.54019677824,16672.66450196608,11121.565827298835,21524.503001137793,7025.269567324957,19.247313883082075,1.5227700571949154,1.4703546975900872,5,proxied,14.769425042850756,0.8100974330736045,1.0504260516023054,1.5339736595498723,0.022003248858667588,1,NEQA indirect capture: IEAT industrial estate,-1.0074844774586293,C: registration + resource plan
F047,Thailand,THA,Chonburi / Sriracha (EEC),13.110878021898602,100.86652164336314,hyperscale,liquid,multinational,2017,41.45266035944045,36170.13439143369,9.042533597858421,1,0.0,0.0,1,potable,3.4,0.5132092979909182,1,1.347674030315789,0.9462061772845987,0.7168488305333448,1.3477216000668493,1.3041684608211956,1.3918492413279646,351004.8463173924,334292.41884119494,366680.8493154712,158016.66449758102,140413.62184653105,175525.833021666,246032.48145849624,674.061593036976,1.3476740303157888,1.3361607995680675,1,measured,138.80098575774983,7.13995853425366,9.431097876575206,14.25059366532228,0.3471362583967586,1,NEQA indirect capture: IEAT industrial estate,0.8071766140461356,A: full EIA + resource-consumption plan
F048,Thailand,THA,Chonburi / Sriracha (EEC),13.141170960058417,100.96058123483955,colocation,evaporative,local,2019,19.080901300037,15709.767831247327,3.9274419578118316,1,0.0,0.0,1,groundwater,3.4,0.46094686286098635,0,,,,1.4190724207022565,1.2911358658368213,1.5497363019090613,173615.20112426253,120250.937015621,218019.11458482506,77619.0999230074,53377.70299413257,100466.98665721196,223407.51758723203,612.0753906499508,1.4435426845972963,1.5290043527587274,3,estimated,68.65421179053271,2.855098738627545,3.8055301855537027,5.764513884869349,0.09183873251884164,1,NEQA indirect capture: IEAT industrial estate,0.3555847204329279,B: IEE/ESA-lite + water & power plan
F049,Thailand,THA,Rayong (EEC),12.594958262876924,101.26409585366035,hyperscale,liquid,multinational,2019,108.07678698143106,106703.87766926478,26.675969417316193,0,0.0,0.0,1,potable,3.5,0.0,1,1.146173319783868,0.6968170180518373,0.7849534909513085,1.1450359247158395,1.1082344020598256,1.183470353687569,850488.1882514599,811853.3146480777,892959.0536944674,383161.58401152684,339598.5395298684,425817.75451628346,517222.7459125812,1417.0486189385788,1.146173319783868,1.1441014267621952,1,measured,336.31615102510904,0.0,0.0,0.0,0.8833200289201099,0,Permits only (no EIA),1.0586742150799773,A: full EIA + resource-consumption plan
F050,Thailand,THA,Rayong (EEC),12.80498529166903,101.15076707871141,enterprise,air,multinational,2023,13.2413523543941,11031.259722953888,2.757814930738472,1,0.0,12.0,0,potable,3.5,0.18740320794905296,1,1.511997236717043,0.3312718217734922,0.5298893108501112,1.510464896799334,1.4612692377725807,1.5617133895085367,92821.44496898181,88576.61393706917,97318.61763460169,41885.8441842801,37162.977971528,46502.58909589004,20385.030960271084,55.84939989115365,1.5119972367170431,1.4874232929984992,1,measured,36.70521417673945,0.5860777854189086,0.7833784039427424,1.3257937414682548,0.08243216705522394,2,NEQA indirect capture: MONRE 2023 solar notification,-0.4458789899907495,C: registration + resource plan
F051,Thailand,THA,Rayong (EEC),12.74131450889707,101.13470165301271,hyperscale,air,multinational,2017,113.4583985840551,116379.48028835903,29.09487007208976,1,0.0,12.0,1,potable,3.5,0.0,1,1.6179808164096168,0.28459182826898244,0.7520182608040764,1.6176473846518993,1.5650357667161159,1.6725765251093532,1209885.4311595606,1153637.093768652,1267676.972945015,544343.6493580109,483989.5204636323,604602.4880755349,212668.9720960828,582.6547180714598,1.617980816409617,1.4776899627635443,1,measured,478.4358172281054,0.0,0.0,0.0,0.7291192397440107,2,NEQA indirect capture: MONRE 2023 solar notification,1.3040056140904974,A: full EIA + resource-consumption plan
F052,Thailand,THA,Rayong (EEC),12.704385414319974,101.16729487871834,colocation,evaporative,local,2022,31.65820164303485,29103.025646375107,7.275756411593777,1,18.994920985820908,12.0,0,reclaimed,3.5,0.0,0,,,,1.3972004968121268,1.2619104251477136,1.5273218200371048,279885.1941818248,191251.844438649,353037.775173547,125791.4652485366,85611.01999904787,162336.8115146094,364465.90621640685,998.5367293600187,1.4144297232657035,1.4042242996671188,3,estimated,110.67750562141332,0.0,0.0,0.0,0.1678410221736333,2,NEQA indirect capture: MONRE 2023 solar notification; NEQA EIA,0.44949986675069514,B: IEE/ESA-lite + water & power plan
F053,Thailand,THA,Rayong (EEC),12.807280866016656,101.26442999235492,hyperscale,evaporative,regional,2023,60.86825183350909,38968.984044995035,9.74224601124876,1,36.52095110010546,6.0,0,surface,3.5,0.2512091053895049,0,,,,1.3328655469654405,1.2050318425082858,1.463497302694547,519067.73819125013,348936.83516723086,651953.9963634117,232041.69931434427,154576.49946885702,299110.29550746834,705087.9113876389,1931.7477024318873,1.3050938363113718,1.3458712554916041,3,estimated,205.25959824168154,3.9353978916290933,5.464626900964609,8.717459321097575,0.32270277765148947,2,NEQA indirect capture: NEQA EIA,1.1585652118080356,A: full EIA + resource-consumption plan
F054,Thailand,THA,Rayong (EEC),12.798006621552936,101.23427461996236,enterprise,air,multinational,2014,13.292415562869737,13431.025030728066,3.3577562576820164,1,0.0,0.0,0,potable,3.5,0.0,0,,,,1.6014571054917282,1.4355015838977414,1.769911994976089,136280.48000190186,91594.81746551488,170999.82433934262,61017.81630181795,40468.22068833223,78286.71193800135,25563.61504471179,70.03730149236107,1.5329798212784491,1.5537411482205383,4,proxied,53.89060909631664,0.0,0.0,0.0,0.08581003727710763,1,NEQA indirect capture: IEAT industrial estate,-0.3104772311863845,C: registration + resource plan
F055,Thailand,THA,Rayong (EEC),12.69846436587145,101.25873427218359,hyperscale,liquid,multinational,2026,86.78587011997439,64715.867434343636,16.17896685858591,0,0.0,0.0,1,potable,3.5,0.0,1,1.2335232982045552,0.9129122001605493,0.8183580594636097,1.2332996837668044,1.1943502177656027,1.2733027254178746,767414.6334125136,733158.1317107627,802917.2267109626,344737.8164590156,307771.38718373625,383954.7150256972,568108.9954156532,1556.463001138776,1.2335232982045554,1.2237259183416012,1,measured,303.4656322273722,0.0,0.0,0.0,0.8009745757620448,0,Permits only (no EIA),1.0031916696951466,A: full EIA + resource-consumption plan
F056,Thailand,THA,Rayong (EEC),12.81287115484088,101.25909282343095,colocation,air,local,2025,53.753609412921435,40551.737647859765,10.137934411964942,0,0.0,0.0,1,potable,3.5,0.0,0,,,,1.5409900904491254,1.3747328069864353,1.710851990353786,528550.8797208054,358739.6170407726,667513.3093440715,236063.92063271755,160339.823408902,306255.86523995915,106131.71178824626,290.7718131184829,1.4386559275562707,1.3986075449254725,3,estimated,209.0096017136914,0.0,0.0,0.0,0.3486623893976969,0,Permits only (no EIA),0.6271380336091086,A: full EIA + resource-consumption plan
F057,Thailand,THA,Rayong (EEC),12.70916974905515,101.16806473589992,colocation,evaporative,regional,2014,38.93847008117585,47664.42461413784,11.91610615353446,0,23.36308204870551,2.0,1,reclaimed,3.5,0.0,0,,,,1.4377680879744088,1.308194230667828,1.5688390929605731,356633.8176443882,245540.69789966062,447009.98332385055,160157.05552673922,108349.54759211253,206311.15957899328,445898.9123505069,1221.6408557548134,1.387093327020548,1.4441988375536237,3,estimated,141.02690023496086,0.0,0.0,0.0,0.2064385303370467,2,NEQA indirect capture: NEQA EIA,0.6045011411302338,A: full EIA + resource-consumption plan
F058,Thailand,THA,Rayong (EEC),12.63115090001532,101.22286559716423,colocation,air,regional,2026,86.79923391113797,75671.69289161834,18.917923222904584,1,0.0,0.0,1,potable,3.5,0.3013889742209668,0,,,,1.5301148778010818,1.3717407760899631,1.698004002872436,843096.508497273,565495.896382578,1078798.8499288992,375969.2253269131,249136.10289846963,493590.5992220377,166471.46003077168,456.0861918651279,1.4450617503646854,1.5089001115439413,3,estimated,333.3931929889143,7.3543644594506565,9.970676710157116,15.556878307118446,0.5600629048085354,1,NEQA indirect capture: IEAT industrial estate,1.3571041111682767,A: full EIA + resource-consumption plan
F059,Thailand,THA,Rayong (EEC),12.746989251418237,101.20890529410255,enterprise,evaporative,regional,2015,15.639978389008244,13945.027239437266,3.486256809859317,1,0.0,12.0,1,potable,3.5,0.0,0,,,,1.432072919993021,1.3013303234798974,1.5665061685680781,142796.70528519622,98308.27509811372,179862.88356066274,63885.90312322082,43341.77796561228,82646.92251031329,180016.76708863844,493.19662216065325,1.268448894863642,1.460891101292334,5,proxied,56.46737834104377,0.0,0.0,0.0,0.19092790849938038,2,NEQA indirect capture: MONRE 2023 solar notification,0.006282562371850993,B: IEE/ESA-lite + water & power plan
F060,Thailand,THA,Rayong (EEC),12.675542515531195,101.22028230680598,edge,air,multinational,2018,5.206449905073682,7558.664944530141,1.8896662361325354,1,0.0,0.0,1,potable,3.5,0.0,0,,,,1.580624960092353,1.4226367368516037,1.743089295578741,52698.82488804168,35886.05604420312,66501.17508331705,23687.20438769087,15876.899596614483,30472.738358900613,9953.897735657185,27.270952700430644,1.4673055145626193,1.496754426787563,4,proxied,20.839167662434587,0.0,0.0,0.0,0.03357516598505173,1,NEQA indirect capture: IEAT industrial estate,-0.8946191601249027,C: registration + resource plan
F061,Thailand,THA,Rayong (EEC),12.762473806921502,101.20944071210103,colocation,air,regional,2020,42.04380405234886,31086.0719491438,7.77151798728595,0,0.0,0.0,1,potable,3.5,0.17932847101108537,0,,,,1.5659457580907956,1.4025381642195758,1.7275684580440787,421934.5528166294,291153.78362694645,533403.9290322216,189329.3833890799,128863.45849657097,244973.82842449239,82271.6270720814,225.4017180057025,1.4897544349978005,1.5014213106289422,3,estimated,166.84935399224318,1.7668133884362882,2.3523745603291375,3.8874888301472557,0.2722649315653612,0,Permits only (no EIA),0.6224782565168528,A: full EIA + resource-consumption plan
F062,Thailand,THA,Rayong (EEC),12.716352823671597,101.11237095383733,hyperscale,liquid,regional,2023,103.75165831407296,68381.25181458279,17.0953129536457,1,62.25099498844377,0.0,1,potable,3.5,0.0,1,1.12,0.7493067592094067,0.7075567445134442,1.1196958682802154,1.0831291337243865,1.157403200658202,719829.4295272538,687102.3190450514,754541.9798189485,323770.1043589664,287615.62436532864,360525.34169608937,481808.2780120688,1320.02267948512,1.1200000000000003,1.1349785108540078,2,measured,284.6485894541645,0.0,0.0,0.0,0.8391409864129779,2,NEQA indirect capture: NEQA EIA,0.9544691159023402,A: full EIA + resource-consumption plan
F063,Thailand,THA,Rayong (EEC),12.753335502928362,101.08779010753419,colocation,evaporative,multinational,2026,35.402532950527146,26254.564914627616,6.563641228656905,1,0.0,0.0,1,groundwater,3.5,0.19514412141077908,1,1.4909702986743838,3.081081503042724,0.5759620365772895,1.4910896629527866,1.4434334946675607,1.5389950210142906,266398.6250057079,254016.24206428474,278450.8704199905,120095.10043721682,106383.69596706882,133380.23381007867,550802.8034171393,1509.0487764853133,1.4909702986743838,1.4892393220474573,1,measured,105.34439094856796,1.6539981362399487,2.2034433968299605,3.8121539353053358,0.18769219379394259,1,NEQA indirect capture: IEAT industrial estate,0.6457845720256651,A: full EIA + resource-consumption plan
F064,Thailand,THA,Rayong (EEC),12.769091035248465,101.13538769494457,colocation,air,multinational,2016,34.257557536051074,26696.112539310372,6.6740281348275925,0,0.0,0.0,1,potable,3.5,0.2109998983984246,0,,,,1.5862032176226797,1.4149867291480147,1.7479965106330841,346066.7331792908,233680.62882409178,438881.80418168154,155091.59176171635,102922.35702535734,201618.52433497566,65296.50551393282,178.89453565461045,1.5427506560860367,1.5333773951082679,3,estimated,136.84826351319137,1.7733030814780375,2.3867652291789168,4.222906946863271,0.22079982671561965,0,Permits only (no EIA),0.47602767388671186,B: IEE/ESA-lite + water & power plan
F065,Malaysia,MYS,Johor (Sedenak / Nusajaya),1.5128302768939306,103.48671004021281,hyperscale,evaporative,multinational,2019,96.23692104134534,107810.34563266873,26.952586408167182,1,57.742152624807204,6.0,0,potable,2.6,0.0,1,1.5080234503199084,2.137129653725978,0.8059721856150921,1.5078100091316007,1.4586000345692285,1.558736728639239,1024675.0779423404,979194.9899836094,1072755.4770980028,563732.6508259568,501128.5341560273,627852.1391540639,1454143.1015573565,3983.953702896867,1.5080234503199086,1.4868456353068722,1,measured,529.0746032442248,0.0,0.0,0.0,1.0641926197128917,1,State water/energy vetting (Johor-type committee),1.5014531669591946,A: full EIA + resource-consumption plan
F066,Malaysia,MYS,Johor (Sedenak / Nusajaya),1.5697070977122016,103.55265934344267,colocation,air,multinational,2021,18.677526786759827,15216.622621803082,3.8041556554507703,0,0.0,12.0,0,potable,2.6,0.6388464825506868,1,1.571832905235895,0.23874451140074315,0.7226969495710266,1.569976639394107,1.5184851780883761,1.621705633703713,185587.06765755953,176956.1868013321,194584.5169927278,101694.54972821128,90749.23900890248,113345.46578526514,28217.982433844136,77.30954091464147,1.5718329052358953,1.5177330541252676,1,measured,95.82491689498048,4.228086666398676,5.46763012951425,7.67395227149014,0.05413696858099577,0,Not a prescribed activity,0.16280084903143408,B: IEE/ESA-lite + water & power plan
F067,Malaysia,MYS,Johor (Sedenak / Nusajaya),1.5266552037544385,103.4469477589677,hyperscale,evaporative,regional,2026,250.0,165282.88878644686,41.32072219661172,0,0.0,0.0,0,potable,2.6,0.41620480355817424,1,1.4787067210240648,1.0085055261446396,0.642588530823221,1.4782612372062442,1.4306710354094385,1.528222193125623,2082028.6328945875,1983311.123092567,2179965.8026121124,1145454.2334829103,1020085.3784956026,1273978.30830488,1420291.4623222977,3891.209485814514,1.4787067210240645,1.471703082342518,2,measured,1075.0222159241441,32.663800844871055,43.82177498690158,67.60319889939707,1.3501821824486726,1,State water/energy vetting (Johor-type committee),2.751555459883785,A: full EIA + resource-consumption plan
F068,Malaysia,MYS,Johor (Sedenak / Nusajaya),1.6165681568251407,103.46030973802091,hyperscale,evaporative,regional,2017,68.98231842185035,54587.470730288675,13.64686768257217,1,0.0,0.0,0,potable,2.6,0.5283461000293456,0,,,,1.3821572152951669,1.246677758046044,1.5125037671975943,606647.6759923374,405744.7531566819,767241.5534558721,332044.4154057811,221111.30287189124,432889.7225940718,815047.4285823295,2233.0066536502177,1.3184922846780274,1.3539398505444034,3,estimated,313.2328338942365,12.332738789356432,16.253763639291073,23.603282606055366,0.6264432511243251,1,State water/energy vetting (Johor-type committee),1.491164986805203,A: full EIA + resource-consumption plan
F069,Malaysia,MYS,Johor (Sedenak / Nusajaya),1.6686294663647057,103.65747363975892,colocation,air,regional,2021,23.96679640232053,28783.590049197708,7.195897512299428,1,0.0,12.0,0,potable,2.6,0.12798660721063435,0,,,,1.5742256679499746,1.4103994587692141,1.735500626871945,241718.57429765724,160398.55446455092,304349.9622080742,132062.05592741419,86845.059186172,169601.2976957992,47099.44236343917,129.03956811901142,1.3840143755385896,1.3537597976381812,3,estimated,124.80752342499056,0.680518531234501,0.8786559906295281,1.3225962112702725,0.07600222416657774,0,Not a prescribed activity,0.1874132463053,B: IEE/ESA-lite + water & power plan
F070,Malaysia,MYS,Johor (Sedenak / Nusajaya),1.4949905894392963,103.60995003874879,enterprise,air,local,2016,14.610513928837069,11498.043194642445,2.8745107986606113,1,0.0,0.0,0,potable,2.6,0.427453729943115,0,,,,1.6162465174107392,1.4576200967092252,1.773689197767154,150278.03078254452,101206.1853387495,189897.78373906066,82193.68177704174,55212.495664129216,106036.64599391453,28926.77955684396,79.25145084066838,1.5382657461615765,1.6970444703394296,5,proxied,77.59365990657201,1.974382681063571,2.6497631032916256,3.9442335785241007,0.0464606384027983,0,Not a prescribed activity,-0.03597287717409027,B: IEE/ESA-lite + water & power plan
F071,Malaysia,MYS,Johor (Sedenak / Nusajaya),1.6742990169034822,103.5152728598894,hyperscale,liquid,multinational,2021,127.30851358443117,151661.15205710247,37.91528801427562,0,0.0,0.0,0,potable,2.6,0.0,1,1.1935979102419596,0.8614724112632691,0.7150258955520414,1.192206398767607,1.1526452145485555,1.2312228501643079,951879.3400049198,907512.3760013999,994696.2023693557,523152.8840043453,465100.0473120739,581714.142103467,686876.7070999718,1881.8539920547173,1.1935979102419594,1.192180748631299,1,measured,491.48768716107725,0.0,0.0,0.0,0.6657283033030945,1,State water/energy vetting (Johor-type committee),1.2152720001324115,A: full EIA + resource-consumption plan
F072,Malaysia,MYS,Johor (Sedenak / Nusajaya),1.6988190356898332,103.62758028751101,colocation,air,multinational,2016,22.120971774800726,17212.669323554728,4.303167330888682,0,0.0,0.0,0,potable,2.6,0.33283837735176386,1,1.565543100198394,0.2648799617652802,0.5351239706324413,1.5644184608542568,1.5149157753447597,1.6172743909426814,162287.4089921148,154927.29241812226,170401.02894825756,89236.46934471553,79376.82043393172,99433.7358310535,27506.977118000523,75.36158114520691,1.5655431001983937,1.5518107803990238,2,measured,83.79451044760155,2.1525818542016535,2.8888386478030808,4.566382840170372,0.06056980842589123,0,Not a prescribed activity,0.007923491285835187,B: IEE/ESA-lite + water & power plan
F073,Malaysia,MYS,Johor (Sedenak / Nusajaya),1.584078135536562,103.43014683635502,edge,air,multinational,2017,2.9008429555784834,4837.3206176282365,1.2093301544070592,0,0.0,0.0,0,potable,2.6,0.09534660038871627,1,1.343868371501555,0.26103999050236776,0.8032658134418882,1.342795498277424,1.3011756228825613,1.3889541033698174,27448.28595716541,26185.988350517007,28746.29867455364,15057.678328114634,13340.267681914927,16770.577246995672,5329.277601228405,14.600760551310698,1.3438683715015551,1.3679472670869508,1,measured,14.172483858672022,0.06027941571840109,0.07602700200948269,0.11659930084068175,0.00897613049152214,0,Not a prescribed activity,-1.251972834219508,C: registration + resource plan
F074,Malaysia,MYS,Johor (Sedenak / Nusajaya),1.6547804494415852,103.62963776796917,colocation,evaporative,regional,2024,46.48264403961424,46658.83065494619,11.664707663736548,1,0.0,0.0,0,potable,2.6,0.0,0,,,,1.4036242209890002,1.2684452192467441,1.5285081460222474,414625.0900327966,279658.7780622481,521648.3747413069,225786.8608994058,152282.49974916992,291808.7228271327,540637.2639016495,1481.1979832921904,1.3623504133849922,1.3834528488337687,3,estimated,214.08503995697546,0.0,0.0,0.0,0.4169771435010409,1,State water/energy vetting (Johor-type committee),0.7612446391438373,A: full EIA + resource-consumption plan
F075,Malaysia,MYS,Johor (Sedenak / Nusajaya),1.621102251730695,103.52649776386895,colocation,air,local,2024,59.03944344587855,39147.81761077247,9.786954402693118,1,0.0,0.0,0,potable,2.6,0.6224051620017628,0,,,,1.5552551240244186,1.3934112785453499,1.723044662201387,583127.9135354601,404942.61640734994,735480.21559399,320324.5023735318,219836.5632269374,414195.5936427823,115857.86383964648,317.4188050401273,1.423213338565191,1.3508640792233424,3,estimated,301.088780371183,12.94901272361546,16.789695491240245,24.1144489783434,0.18712301479357352,0,Not a prescribed activity,1.1981526878348066,A: full EIA + resource-consumption plan
F076,Malaysia,MYS,Johor (Sedenak / Nusajaya),1.5412162453777944,103.45281871452315,colocation,air,local,2018,45.20610476849891,51026.31095293371,12.756577738233426,0,0.0,2.0,0,potable,2.6,0.5145375361603916,0,,,,1.5986238436532767,1.4286886186484171,1.7631842085152891,460869.3760744968,312651.69371044205,586740.5275794833,252147.81016975996,170680.85941193052,328820.9944376752,88459.87476336407,242.3558212694906,1.4977389972900936,1.458838185756213,3,estimated,237.96253811859435,7.8123983989100525,10.317222226164784,15.34740741319347,0.14312780648924808,0,Not a prescribed activity,0.9234883026192603,A: full EIA + resource-consumption plan
F077,Malaysia,MYS,Johor (Sedenak / Nusajaya),1.6535576839457984,103.65932260387035,colocation,air,local,2021,45.56930446530566,43121.593354138124,10.780398338534532,0,27.341582679183396,6.0,0,potable,2.6,0.4881680929715671,0,,,,1.5695953998010044,1.4053619904660628,1.7357242427604616,456957.0442817771,310617.0709830461,577228.0868939433,251368.87470497814,166781.38706012358,324070.20648263855,88518.65181937299,242.516854299652,1.5458780853301421,1.4726664292455185,3,estimated,235.94246811245196,7.356186511960632,9.75651707429335,14.96376597173299,0.14388657713166797,0,Not a prescribed activity,0.9133853870512544,A: full EIA + resource-consumption plan
F078,Malaysia,MYS,Johor (Sedenak / Nusajaya),1.5687390288926764,103.61842867354547,colocation,evaporative,multinational,2026,30.46381222466826,37852.624680947585,9.463156170236896,0,0.0,0.0,0,potable,2.6,0.0,1,1.492205463913947,2.9935290493718,0.694285157459402,1.4922315065590919,1.440731210335723,1.541837902630336,276192.51522954484,263105.5825795958,289436.15940339403,152310.4687790082,135310.85135968498,168861.0010540017,554703.0277483107,1519.7343225981115,1.4922054639139473,1.4325065666674055,1,measured,142.60759196713732,0.0,0.0,0.0,0.39350662075985665,1,State water/energy vetting (Johor-type committee),0.5374665868179792,B: IEE/ESA-lite + water & power plan
F079,Malaysia,MYS,Johor (Sedenak / Nusajaya),1.6095234546345545,103.62538646667372,colocation,evaporative,regional,2021,103.34081874277591,72255.10438843837,18.063776097109592,1,62.00449124566554,0.0,0,surface,2.6,0.39192564004683983,1,1.3160904603143473,3.208218658974982,0.6592783803657859,1.31640953280353,1.2719140617181,1.360932762358389,785458.7009810273,748167.3217389404,822522.0264235019,430874.02839858894,384055.7917665788,480186.51945641125,1912191.2442359044,5238.880121194259,1.3160904603143473,1.4289881218192393,2,measured,405.5590494313219,12.498759749521566,16.7597714975323,25.273037840018866,0.2058579305771897,1,State water/energy vetting (Johor-type committee),1.8182501420910187,A: full EIA + resource-consumption plan
F080,Malaysia,MYS,Johor (Sedenak / Nusajaya),1.5502820254299092,103.66932354736608,hyperscale,evaporative,regional,2018,84.49518092619788,55820.93913722254,13.955234784305635,0,0.0,0.0,0,surface,2.6,0.0,0,,,,1.3659003589642924,1.232869142185507,1.4925717687573914,740985.5125968832,498929.4111679217,927390.9782464636,406267.8924110042,270808.95538392547,517431.2859002967,981940.728225765,2690.248570481548,1.345753940968265,1.4126721111136975,3,estimated,382.5960292448675,0.0,0.0,0.0,0.16831686937286108,1,State water/energy vetting (Johor-type committee),1.2252149209807288,A: full EIA + resource-consumption plan
F081,Malaysia,MYS,Johor (Sedenak / Nusajaya),1.488669043086475,103.5566830602149,colocation,evaporative,regional,2016,40.20201300193026,28323.037397125387,7.0807593492813465,0,0.0,6.0,0,reclaimed,2.6,0.5911068363040676,0,,,,1.4360744562235888,1.3057249387636176,1.5695207774799274,369160.9397961837,246203.95019225753,463780.86271535186,201866.6135727701,133945.72520480317,259790.4231158616,467422.3881614487,1280.609282634106,1.372679395887779,1.426862429997908,3,estimated,190.61035245254746,8.277075947010403,10.79080365238199,15.539017046832612,0.08008358461155668,1,State water/energy vetting (Johor-type committee),1.0394798430204908,A: full EIA + resource-consumption plan
F082,Malaysia,MYS,Johor (Sedenak / Nusajaya),1.5665192244864483,103.48352317404388,hyperscale,air,multinational,2020,44.936489680951986,54107.9963179866,13.526999079496653,0,0.0,12.0,0,potable,2.6,0.6278452551545336,1,1.3855736911655065,0.2394982915691839,0.7379960399660175,1.386277670247786,1.3392808884855087,1.4304290491373803,402765.8010257012,383668.9127829142,420984.94998798246,221260.95411985723,195733.23090116662,246958.9022204784,69637.67938835133,190.78816270781186,1.3855736911655063,1.387237560194185,1,measured,207.96168557737312,9.960583429408432,12.903346751374048,18.40796411605571,0.13129740813163446,0,Not a prescribed activity,0.8693053485479243,A: full EIA + resource-consumption plan
F083,Malaysia,MYS,Johor (Sedenak / Nusajaya),1.6526503008364866,103.51010228980451,enterprise,air,local,2026,12.8166911946127,15227.62658467777,3.8069066461694425,1,0.0,0.0,0,potable,2.6,0.23479331460743552,0,,,,1.5471018259030076,1.3824362601889995,1.7063904004269117,125711.32505589287,85128.21177962021,160030.15696611485,68851.33513328007,46182.20355071274,89452.99383549896,25331.13691882218,69.40037512006077,1.4279494783997042,1.4351424638415164,4,proxied,64.90903395524462,0.760453704495592,1.0454469861083586,1.7145612880060266,0.040729905517513244,0,Not a prescribed activity,-0.22804384764404187,C: registration + resource plan
F084,Malaysia,MYS,Johor (Sedenak / Nusajaya),1.5548251947128746,103.46375108751401,colocation,air,regional,2022,34.233881353031165,36570.73895054019,9.142684737635047,0,0.0,0.0,0,potable,2.6,0.0,0,,,,1.5535294516924754,1.3954195258220112,1.722350295397663,338306.03154672997,227347.69105770282,431134.8565010945,185025.52816913225,123524.33956013613,241031.5793785718,66674.66469448683,182.67031423147077,1.3949486752682947,1.4264122758371847,3,estimated,174.67891360756437,0.0,0.0,0.0,0.10819969079351498,0,Not a prescribed activity,0.34116420992702984,B: IEE/ESA-lite + water & power plan
F085,Malaysia,MYS,Johor (Sedenak / Nusajaya),1.5034437339794384,103.53494081875003,hyperscale,evaporative,multinational,2023,110.63265680771188,105818.96292222929,26.454740730557322,0,0.0,12.0,0,potable,2.6,0.327684514924645,1,1.1933204017445123,3.5828360805822537,0.702431581582347,1.1924802843689404,1.1522509438697064,1.2319931195359928,810847.3841033727,773955.9603105611,850604.141945543,446141.41124879214,396742.5901081886,495090.15070149774,2437277.2285887767,6677.471859147333,1.193320401744512,1.2200512118373008,1,measured,418.6680902765645,10.537515750317375,14.163163292893813,21.996780261151127,1.6827498222249293,1,State water/energy vetting (Johor-type committee),1.8852845213606022,A: full EIA + resource-consumption plan
F086,Malaysia,MYS,Johor (Sedenak / Nusajaya),1.6972886934312303,103.45606002018334,hyperscale,evaporative,multinational,2021,209.08366167476646,187420.34138183534,46.85508534545883,0,0.0,0.0,0,potable,2.6,0.0,0,,,,1.3465449941582879,1.2133226831054973,1.4717304681793302,1794029.9696400387,1240683.788164504,2258915.95595134,983382.636748763,670737.5470619148,1265885.8769384653,2438437.1780904094,6680.649802987423,1.3107227591639838,1.5230865274486594,3,estimated,926.3187080743692,0.0,0.0,0.0,1.8795630703812185,1,State water/energy vetting (Johor-type committee),2.1371140133728206,A: full EIA + resource-consumption plan
F087,Malaysia,MYS,Johor (Sedenak / Nusajaya),1.5594805378773664,103.53756875773439,hyperscale,air,multinational,2022,162.22170820420007,121644.75390814988,30.41118847703747,0,97.33302492252004,0.0,0,potable,2.6,0.0,1,1.517481201801433,0.428549938887028,0.7826236234194592,1.5175048853486894,1.4682383104361019,1.5659028134438262,1685671.228731899,1609059.744399371,1765427.9955956843,928310.7434143058,827532.8855948319,1033199.1355778221,476239.7709801912,1304.7664958361402,1.5174812018014328,1.5015786228308663,1,measured,870.3694036674127,0.0,0.0,0.0,0.6088942454850743,1,State water/energy vetting (Johor-type committee),1.8996621850913473,A: full EIA + resource-consumption plan
F088,Malaysia,MYS,Johor (Sedenak / Nusajaya),1.6307098530161594,103.52274889563282,colocation,liquid,regional,2016,68.93697482939271,61642.91172648576,15.410727931621441,0,0.0,0.0,0,potable,2.6,0.27719985272533476,0,,,,1.2888411984630528,1.1757713999395343,1.4036435722117129,569459.7276118312,390226.3996507455,715790.0693283232,310114.33357786806,210892.6430759802,402540.2350365484,342015.04934482765,937.0275324515826,1.267100920312942,1.375916506052714,3,estimated,294.0314309730363,5.173841861085194,7.084977620827851,11.14715009705223,0.34253349782069853,1,State water/energy vetting (Johor-type committee),1.0946593508503988,A: full EIA + resource-consumption plan
F089,Malaysia,MYS,Johor (Sedenak / Nusajaya),1.5949729976099922,103.63265330667488,hyperscale,air,multinational,2013,114.18004247885798,76213.59312194811,19.05339828048703,0,0.0,0.0,0,potable,2.6,0.5679046123251017,1,1.3523904728637504,0.34023710554966174,0.8044010942334126,1.353014760744141,1.3082840272292862,1.3962447574352737,1088111.3494977448,1037128.9141745797,1139111.7331367498,598352.4882994094,532049.3189703112,668660.2626316258,273628.707387344,749.6676914721753,1.3523904728637501,1.3589709883501482,1,measured,561.8289084156414,22.364012866759754,29.283968104183188,42.48560710089409,0.3916272054163865,1,State water/energy vetting (Johor-type committee),1.9566035605720389,A: full EIA + resource-consumption plan
F090,Malaysia,MYS,Johor (Sedenak / Nusajaya),1.5945040794293304,103.62790151178527,colocation,evaporative,regional,2024,39.93267759697792,30504.049590191047,7.626012397547762,0,0.0,2.0,0,potable,2.6,0.0,0,,,,1.3996709314366367,1.265470877970995,1.5308871653759841,353813.3962494214,245882.4668242156,452260.97207697085,195474.9240878235,131741.60965786822,253042.28936046478,472163.0694448628,1293.5974505338706,1.3825878117219728,1.3374824726226369,3,estimated,182.68589358009928,0.0,0.0,0.0,0.3628449022817692,1,State water/energy vetting (Johor-type committee),0.6534400348657831,A: full EIA + resource-consumption plan
F091,Malaysia,MYS,Johor (Sedenak / Nusajaya),1.5068878919764988,103.55575795259985,enterprise,evaporative,regional,2022,32.78759338208585,35256.67529598823,8.814168823997056,1,0.0,6.0,0,potable,2.6,0.3629000487275627,0,,,,1.4100660667942573,1.2787537889330847,1.5378091068228237,295782.0722203421,201064.39464199595,372842.0204107808,162049.54470130298,109634.2567057139,209655.57407104629,387580.1537115674,1061.8634348262121,1.3920210142336866,1.3665226320101778,4,proxied,152.7223466984117,3.584848022014167,4.801853646735866,7.544389705636123,0.2978619363047859,1,State water/energy vetting (Johor-type committee),0.7743209311060404,A: full EIA + resource-consumption plan
F092,Malaysia,MYS,Johor (Sedenak / Nusajaya),1.61940808455554,103.57237894686314,edge,air,multinational,2021,3.0960575820158613,4471.328042214833,1.117832010553708,0,0.0,0.0,0,potable,2.6,0.0,0,,,,1.5667292568708007,1.4000355262518056,1.7351770754249347,31080.047406152888,21034.141875180554,39021.39044173444,17007.368946518556,11319.820832840307,21986.38282527706,6105.747978639011,16.72807665380551,1.3566820081674191,1.3875865332086466,4,proxied,16.04768585105311,0.0,0.0,0.0,0.009830885958046319,0,Not a prescribed activity,-1.187676027913319,C: registration + resource plan
F093,Malaysia,MYS,Johor (Sedenak / Nusajaya),1.5462227663390222,103.53708275553448,hyperscale,liquid,local,2016,79.44451223497373,91109.55013037339,22.777387532593348,0,0.0,0.0,0,potable,2.6,0.0,0,,,,1.2377928880972213,1.1346375495858323,1.3497039245286335,632431.743071517,417359.3128761832,791717.3281545021,345735.1920377252,228646.15728784134,444313.08129696205,392239.37353356153,1074.6284206398946,1.2526532052086627,1.3608549173324511,3,estimated,326.5460249277624,0.0,0.0,0.0,0.3935994138784233,1,State water/energy vetting (Johor-type committee),0.8760412327709003,A: full EIA + resource-consumption plan
F094,Malaysia,MYS,Johor (Sedenak / Nusajaya),1.619835216784368,103.49883503758876,colocation,air,regional,2021,42.85199409669486,52509.47877675396,13.12736969418849,1,0.0,0.0,0,potable,2.6,0.0,0,,,,1.5668297786681027,1.4052903785883106,1.7269600972391816,431010.2835554804,290897.1240022528,542923.447419483,235649.2134200952,158997.48167596824,305459.2387918585,83185.95484941569,227.9067256148375,1.3142693321995436,1.3544488469777252,3,estimated,222.54527281391387,0.0,0.0,0.0,0.13527399729501086,0,Not a prescribed activity,0.5141311574637523,B: IEE/ESA-lite + water & power plan
F095,Malaysia,MYS,Johor (Sedenak / Nusajaya),1.6739750547041956,103.49255048822346,hyperscale,liquid,regional,2023,250.0,223422.3158674987,55.855578966874674,0,0.0,0.0,0,potable,2.6,0.0,1,1.12,0.6631493524936077,0.836828647476247,1.1193836737447702,1.0825322696231443,1.1565312232007738,2050820.8928227073,1956773.2294779608,2148115.220453787,1127765.107891857,1004348.7283898183,1258679.1654777334,1214863.874606101,3328.3941770030165,1.1200000000000003,1.2677676855063083,2,measured,1058.9085980055397,0.0,0.0,0.0,1.2269256298189546,1,State water/energy vetting (Johor-type committee),1.8938962921929527,A: full EIA + resource-consumption plan
F096,Malaysia,MYS,Johor (Sedenak / Nusajaya),1.6877890010100005,103.59977213327986,enterprise,evaporative,regional,2023,41.695711080405644,28217.10285602357,7.054275714005894,0,0.0,0.0,0,reclaimed,2.6,0.2851711011153413,1,1.2894234254058057,2.1444744008399175,0.7436804800409789,1.2898352908362098,1.2474350558752407,1.3308744425601182,350403.9554962376,334258.19543561415,366865.40234213683,192944.55321336922,172060.65785191115,214420.99255004755,582300.834203907,1595.344751243581,1.2894234254058057,1.3318707192609625,2,measured,180.92548332654093,3.2622977753513593,4.451465790469633,7.022152569392218,0.08305907483006787,1,State water/energy vetting (Johor-type committee),0.9320607019855784,A: full EIA + resource-consumption plan
F097,Malaysia,MYS,Klang Valley / Cyberjaya,2.9232459551912093,101.53907652132726,hyperscale,evaporative,multinational,2016,47.71483153068104,36836.2776829544,9.209069420738599,0,0.0,0.0,0,reclaimed,2.8,0.35428805148702075,1,1.3631707082974993,2.286458977225229,0.768466853782272,1.3629149005845886,1.3186435516230708,1.4076486359068183,437628.4140078515,417713.5099281022,457970.2686304494,240555.23060114705,214582.906892176,267732.3509913938,733641.3126461131,2009.9761990304469,1.3631707082974993,1.40860659137155,1,measured,225.96243872209442,5.052539585195078,6.765060228745798,10.20324350377925,0.11832400976041017,1,State water/energy vetting (Johor-type committee),1.1509226892106392,A: full EIA + resource-consumption plan
F098,Malaysia,MYS,Klang Valley / Cyberjaya,2.846206118812143,101.58585750193751,hyperscale,evaporative,multinational,2026,42.099644326545736,48367.85352297644,12.09196338074411,1,0.0,0.0,0,potable,2.8,0.5328685714597883,1,1.3021985898775268,2.325853926168704,0.6312716170982505,1.3029146280253228,1.2611546562283915,1.3447757370446531,303298.9802362202,289860.6745043135,317550.1550718572,166545.77371620538,148783.14002729542,185555.4653105123,541038.5018220913,1482.2972652660035,1.3021985898775268,1.3053332521588237,1,measured,156.6035820399702,7.608853265299389,10.021584863313153,15.14180869948052,0.429022478947097,1,State water/energy vetting (Johor-type committee),0.9588461293507489,A: full EIA + resource-consumption plan
F099,Malaysia,MYS,Klang Valley / Cyberjaya,3.0022214755655634,101.65965484398076,colocation,air,local,2021,12.4196206121922,11733.123591028987,2.9332808977572467,0,0.0,2.0,0,potable,2.8,0.7613242367414617,1,1.515217877493101,0.3153711371758303,0.7343385489103105,1.5146750507307636,1.465010152930544,1.5642934364875174,120985.8815029804,115590.53479568836,126766.05898439346,66419.03376256475,59219.67299232787,74333.91490573854,25195.152600859612,69.02781534482085,1.5152178774931009,1.5232551012462958,2,measured,62.4691266844143,3.4476502777555007,4.372756588298487,5.9074770625730775,0.045915467314869944,0,Not a prescribed activity,-0.0875643720856864,B: IEE/ESA-lite + water & power plan
F100,Malaysia,MYS,Klang Valley / Cyberjaya,2.9757578097472277,101.61744801959381,enterprise,evaporative,regional,2023,3.6020421378815755,4305.267089322108,1.0763167723305271,1,0.0,0.0,0,reclaimed,2.8,0.0,0,,,,1.3884675361343939,1.255773141610345,1.5195878075012312,31814.29013770829,21589.863801870793,39940.778667666105,17434.76255090491,11676.788788808866,22323.97789661088,40735.71415155361,111.60469630562633,1.482586647212123,1.3740991905402562,4,proxied,16.426800353049895,0.0,0.0,0.0,0.008932402261675238,0,Not a prescribed activity,-0.8833714889069727,C: registration + resource plan
F101,Malaysia,MYS,Klang Valley / Cyberjaya,3.0081040052557944,101.58603383957234,colocation,evaporative,regional,2026,11.47644898951551,12124.253535237536,3.031063383809384,1,0.0,12.0,0,reclaimed,2.8,0.0,0,,,,1.3714252764596795,1.2371977952282291,1.4999978709038768,100075.97290558947,66869.83645020082,126620.47375362323,54889.44698403496,36383.56081306911,70625.7765103785,130219.77557995621,356.7665084382362,1.4241513734591784,1.417433663127388,3,estimated,51.672629498932714,0.0,0.0,0.0,0.02845948353348196,0,Not a prescribed activity,-0.1806141238294236,C: registration + resource plan
F102,Malaysia,MYS,Klang Valley / Cyberjaya,3.037841437740558,101.64159716203743,colocation,air,multinational,2023,17.84394231122941,18639.10860168845,4.659777150422113,0,0.0,0.0,0,potable,2.8,0.0,1,1.3158087784260712,0.45286573916435924,0.749669688809087,1.3159087968831058,1.272012667626846,1.3582845138557442,154090.4382278882,147172.09342779682,161098.22568189044,84599.01903140872,75453.67367127193,94207.00258333157,53009.20795935957,145.23070673797142,1.315808778426071,1.3143830999110537,2,measured,79.56213557263486,0.0,0.0,0.0,0.07605522107477333,0,Not a prescribed activity,-0.09286684635001678,B: IEE/ESA-lite + water & power plan
F103,Malaysia,MYS,Klang Valley / Cyberjaya,3.0245806225444634,101.74021485852887,colocation,evaporative,multinational,2012,14.917535327827181,13690.639272128634,3.4226598180321584,1,0.0,6.0,0,reclaimed,2.8,1.1225218499018603,1,1.3858419454197115,1.7609687947556338,0.5634764452191592,1.385855880661588,1.3398417217672958,1.4319774169826216,102012.87971229816,97374.63219458591,106928.55448236651,55971.20386702829,49793.410263420956,62215.88609094696,129462.21370028253,354.69099643913023,1.3858419454197115,1.391162681958388,1,measured,52.672720378802914,6.16495984366188,7.507055751944664,9.562272747225274,0.03699274500416314,2,DOE situational EIA (sensitive site),0.15482180234488035,B: IEE/ESA-lite + water & power plan
F104,Malaysia,MYS,Klang Valley / Cyberjaya,2.8601420980976537,101.62286549055334,colocation,evaporative,regional,2019,33.079255077073384,34230.19366004525,8.557548415011313,0,0.0,0.0,0,potable,2.8,0.5697365865555024,1,1.4244224716341412,1.55999128548138,0.7653790546077344,1.4250452615936298,1.3775992722108852,1.4725672253008288,315958.05651485315,301555.25424440025,331160.53184092167,173774.30164145268,155164.70299980402,193745.24224347094,345433.1747714671,946.3922596478551,1.4244224716341412,1.419329415416828,2,measured,163.13989379745496,6.505281405198825,8.515090353519573,12.073959585655142,0.2892903757886751,1,State water/energy vetting (Johor-type committee),0.8799965941067719,A: full EIA + resource-consumption plan
F105,Malaysia,MYS,Klang Valley / Cyberjaya,2.8374811050518716,101.61184902621805,colocation,air,multinational,2025,17.616915239465214,15648.803120655233,3.9122007801638086,0,0.0,0.0,0,potable,2.8,0.7410802467695629,1,1.5274332507953137,0.48788514231881325,0.5819298647318358,1.5279648951920008,1.4791365437380586,1.5768311598259221,137178.92674966884,131137.56618877483,143699.73324115982,75479.89562496939,67394.9847027998,84144.56379978456,43771.93212550503,119.92310171371241,1.5274332507953137,1.4914509060316765,1,measured,70.8301468493739,4.744571046997858,6.02991748594403,8.602142731489852,0.06994987017571659,0,Not a prescribed activity,0.10088917597109984,B: IEE/ESA-lite + water & power plan
F106,Malaysia,MYS,Klang Valley / Cyberjaya,3.033753623946465,101.55295839120907,hyperscale,evaporative,regional,2025,29.883946309712673,27077.934378577174,6.769483594644294,1,0.0,0.0,0,reclaimed,2.8,0.4545573154892482,1,1.3155591590839077,1.3469538950616562,0.5680969271796679,1.3161888844940925,1.2720807289953469,1.3579339496448526,195600.7319017058,186605.9186761574,204618.7840930135,107615.63401695626,95657.77667313952,119518.61278302988,200399.70531752805,549.0402885411727,1.3155591590839075,1.319443720857765,2,measured,100.99531241941489,4.3886964810860905,5.857024647022904,8.79468664270686,0.07410669264453645,1,State water/energy vetting (Johor-type committee),0.49617353299358224,B: IEE/ESA-lite + water & power plan
F107,Malaysia,MYS,Klang Valley / Cyberjaya,2.9333348023170314,101.68561428569532,colocation,air,multinational,2013,16.589522146251465,15691.413415975472,3.9228533539938684,0,0.0,0.0,0,potable,2.8,0.0,1,1.3883126671911672,0.2282546929750873,0.7897536486261794,1.389214372656083,1.344806037042781,1.4340120620364616,159484.18132057172,151828.83544932518,166791.41636423307,87655.02217974816,78038.45306101914,97095.69197270201,26230.079604529354,71.86323179323111,1.3883126671911672,1.3872525861713076,1,measured,82.34710863208834,0.0,0.0,0.0,0.056877012679557214,0,Not a prescribed activity,-0.18692774143250654,C: registration + resource plan
F108,Malaysia,MYS,Klang Valley / Cyberjaya,3.018077073771468,101.59158551431533,colocation,evaporative,multinational,2017,34.95378386799232,25849.4512569838,6.46236281424595,1,0.0,12.0,0,potable,2.8,0.24212139005617817,0,,,,1.4333523619377964,1.3010454357484282,1.5630295153627047,319963.1678626315,219420.41942365054,402556.69397418975,174378.7293587646,118803.17640645585,224787.77738828785,407224.17423923675,1115.6826691485937,1.354399874350518,1.3976370561853126,3,estimated,165.20786904433027,2.155400693626416,2.979237118224598,4.644025368002714,0.33101346223618716,1,State water/energy vetting (Johor-type committee),0.7639259261504201,A: full EIA + resource-consumption plan
F109,Malaysia,MYS,Klang Valley / Cyberjaya,2.823951938799624,101.544973278621,hyperscale,liquid,multinational,2021,22.85212587182063,29161.24840712345,7.290312101780862,1,0.0,12.0,0,potable,2.8,0.0,1,1.12,0.7413188608703253,0.8106531807632593,1.119948138687113,1.0833857654902395,1.1558096086725604,181662.44332202137,173465.96668075028,190066.04860399856,99853.61246972073,89057.84734057814,111337.1781611949,120334.42487109666,329.68335581122375,1.1200000000000003,1.1554696889644918,2,measured,93.79849983077595,0.0,0.0,0.0,0.128869725690827,0,Not a prescribed activity,0.07241528250961869,B: IEE/ESA-lite + water & power plan
F110,Malaysia,MYS,Klang Valley / Cyberjaya,2.927396942689541,101.67602274568384,colocation,air,local,2015,15.347612951326504,18046.325146679756,4.511581286669939,0,9.208567770795902,2.0,0,potable,2.8,0.9518589271843347,0,,,,1.6054578013153904,1.4362817111066377,1.7683621132873228,157891.10624993127,107595.59737584431,198622.7681265036,85875.14707556517,57755.23650281329,111175.81283838759,30354.98034035785,83.16432969961055,1.5004096862255871,1.521470925488641,3,estimated,81.52454977506032,5.404868364436778,6.700601117096895,8.992373672130759,0.05627224664430911,0,Not a prescribed activity,0.12625076147032738,B: IEE/ESA-lite + water & power plan
F111,Malaysia,MYS,Klang Valley / Cyberjaya,2.9841989904387685,101.59952736771514,hyperscale,liquid,multinational,2019,23.64467677115261,17866.195810450634,4.4665489526126585,1,0.0,0.0,0,potable,2.8,0.5543023411143435,1,1.1498714368368839,0.9034477124021798,0.6202706591421565,1.149942167646158,1.111697556646064,1.188787381033826,147773.17239206698,140764.7013979047,154838.28094607496,81174.91961625274,72317.33879306044,90488.21784669634,116001.35120500861,317.8119211096126,1.1498714368368839,1.185385960347856,2,measured,76.30031630170352,4.492287270499988,5.8986493605169725,8.517279325844996,0.12823526200997323,0,Not a prescribed activity,0.251134433333699,B: IEE/ESA-lite + water & power plan
F112,Malaysia,MYS,Klang Valley / Cyberjaya,2.9112302068242912,101.68924158382003,enterprise,air,regional,2016,5.899376423401894,6567.797813699636,1.641949453424909,1,0.0,12.0,0,potable,2.8,0.3107522679901782,0,,,,1.5907297080392127,1.4276217004497311,1.7555784778044303,59430.04791179612,40568.58932462776,75842.12996459578,32456.27883478121,22003.57234879927,42710.44175345634,11408.920901073787,31.257317537188456,1.3946269667486477,1.4934671062733595,4,proxied,30.685755608362847,0.5219424087416533,0.7052864236807477,1.0915091969117026,0.021474721462424812,0,Not a prescribed activity,-0.724730882976608,C: registration + resource plan
F113,Malaysia,MYS,Klang Valley / Cyberjaya,2.969671755603318,101.65994102253764,colocation,air,local,2022,12.213840400388827,14332.943044871918,3.5832357612179795,0,0.0,0.0,0,potable,2.8,0.25398449983252647,0,,,,1.5506866626350466,1.3831870373262753,1.7159072986792148,121143.10600151846,82224.30765860954,153912.56833111515,66487.41309528153,44647.38193124653,86177.16292504451,23737.754012188227,65.03494249914583,1.3917205949530813,1.4000817772504606,3,estimated,62.55030704194904,0.803238775483081,1.1134844793413354,1.77525881517965,0.044530731069362284,0,Not a prescribed activity,-0.2481636361380668,C: registration + resource plan
F114,Malaysia,MYS,Klang Valley / Cyberjaya,2.841539218667552,101.60289383921442,colocation,air,local,2019,28.897623812157807,31011.628624825007,7.752907156206251,0,0.0,0.0,0,potable,2.8,0.6374256522599167,0,,,,1.5769935814355178,1.4168206827669951,1.7422324598473944,288899.94589325547,193229.66606623167,366770.3442812019,159007.05299604725,103562.5401975489,206859.3934783333,54855.68166944549,150.2895388203986,1.3977782338449587,1.3944595174341126,3,estimated,149.16887073870376,6.524047288568569,8.43857451302827,11.867870653601633,0.10457420318897977,0,Not a prescribed activity,0.5619444934900986,A: full EIA + resource-consumption plan
F115,Malaysia,MYS,Klang Valley / Cyberjaya,2.979831692118284,101.67422034063826,colocation,air,local,2018,14.985860018857913,15560.583252169261,3.890145813042315,0,0.0,0.0,0,potable,2.8,0.2712636626983766,0,,,,1.5793678695678923,1.4116224305292426,1.743652233564004,150799.33570023626,100409.9467565708,190954.2039524123,82600.7844236557,54053.72036241118,107019.6244188754,28399.831097928392,77.80775643268052,1.4361715479654533,1.529918021581065,3,estimated,77.86282737090703,1.089127932973526,1.4956832219858742,2.3172649785265,0.05420207633509044,0,Not a prescribed activity,-0.09026844015645638,B: IEE/ESA-lite + water & power plan
F116,Malaysia,MYS,Klang Valley / Cyberjaya,2.9170479316092,101.7625659810566,enterprise,evaporative,regional,2026,2.618196007661758,3498.991097967665,0.8747477744919162,0,0.0,0.0,0,reclaimed,2.8,0.13363635249669809,1,1.1212820669239525,1.3854103304248386,0.8271427242121159,1.120946312193091,1.083854564486354,1.157605612987096,21251.47496867767,20289.65853854289,22259.12919873405,11689.188984599128,10419.98783790109,13017.885403118667,26272.652607946977,71.97987015875884,1.1212820669239527,1.3741704146959879,2,measured,10.972859523417045,0.07803754304717357,0.10111148266896207,0.15343750157432612,0.006492644740158745,0,Not a prescribed activity,-1.1153226474823157,C: registration + resource plan
F117,Malaysia,MYS,Klang Valley / Cyberjaya,2.9523915993950487,101.58354408164404,edge,air,local,2026,1.1890930338287398,3859.1875570618026,0.9647968892654506,1,0.0,6.0,0,potable,2.8,0.3467754502075026,0,,,,1.5300239806283293,1.3681486597646626,1.6941946043770866,11569.966367635601,7722.5384040449635,14634.92877496971,6307.706074027385,4219.962460231683,8231.996990879952,2286.106667995098,6.263305939712597,1.5027112415271626,1.4395838239561438,4,proxied,5.973967257794756,0.12233980805168271,0.16374434269878108,0.2622817104909839,0.004320396108345577,0,Not a prescribed activity,-1.7543106695179533,C: registration + resource plan
F118,Malaysia,MYS,Klang Valley / Cyberjaya,2.979164126494391,101.76205680246876,hyperscale,evaporative,multinational,2020,55.55890973755871,60878.85496661512,15.219713741653779,1,0.0,0.0,0,potable,2.8,0.2561511297202682,1,1.298953397362655,2.1596578929892156,0.5376503696507349,1.2986722562566513,1.255902807507089,1.342726719232384,339771.1826263163,324438.9696441808,356353.06059811544,186227.61137587996,166111.99486545255,207285.84335068782,565138.1490105242,1548.3236959192443,1.2989533973626552,1.3167757223301366,1,measured,175.4354209559051,3.701966882833192,5.125266434790015,8.268958783340777,0.4768587709754978,1,State water/energy vetting (Johor-type committee),0.9285888157177049,A: full EIA + resource-consumption plan
F119,Malaysia,MYS,Klang Valley / Cyberjaya,2.9678089084875063,101.68882869124684,colocation,air,multinational,2016,6.032168882328248,6696.341755512897,1.6740854388782243,1,0.0,0.0,0,potable,2.8,0.0,0,,,,1.5917728254074501,1.4285742552565808,1.7619316989892146,61272.69830259835,40881.83838265469,77667.91671966821,33618.79578131984,22358.308975534805,43622.221589518005,11505.334873990178,31.521465408192267,1.4349232541624328,1.4844207887744338,3,estimated,31.637178694000106,0.0,0.0,0.0,0.02186187073024059,0,Not a prescribed activity,-0.7785566067420382,C: registration + resource plan
F120,Malaysia,MYS,Klang Valley / Cyberjaya,2.852585721478141,101.54809114762746,colocation,liquid,multinational,2026,8.592519893049644,8874.217078289314,2.2185542695723286,1,0.0,6.0,0,potable,2.8,1.2421639400465982,1,1.12,1.0069421781731547,0.7195191472139402,1.1203400618501527,1.082710591934522,1.1563889287056082,60577.966228412195,57817.427061627146,63449.718049146664,33313.30576286503,29609.014725980458,37135.99987444134,54469.96179689751,149.23277204629454,1.1200000000000003,1.2209205755671693,1,measured,31.278464888596364,3.9072322040947904,4.698670553298361,5.840833955600767,0.05398984666661179,2,DOE situational EIA (sensitive site),-0.2907606793679979,C: registration + resource plan
F121,Malaysia,MYS,Penang / Kulim,5.324742381210141,100.34494566158914,colocation,liquid,regional,2023,15.903765502794343,13138.664066398593,3.284666016599648,1,0.0,0.0,0,potable,2.5,0.0,1,1.1708958925598532,0.6451732769741492,0.5743683092025007,1.1709059522553047,1.1312642462273255,1.2095768094025356,93728.3801402076,89443.49307971704,98025.46808106228,51585.11532887889,45951.47311904027,57483.042931285214,51659.11386478757,141.53181880763717,1.1708958925598532,1.175306385441309,2,measured,48.395151402515786,0.0,0.0,0.0,0.05958256459859312,0,Not a prescribed activity,-0.37206862600400054,C: registration + resource plan
F122,Malaysia,MYS,Penang / Kulim,5.412022083204495,100.4970830180213,colocation,air,regional,2025,23.855156905657097,25700.664308240328,6.425166077060082,0,14.313094143394258,0.0,0,potable,2.5,0.0,0,,,,1.5442420096307203,1.387230536291767,1.708652521966051,233148.21923703497,157337.18713537275,298178.51625145343,127894.40195366321,85711.48993282016,167811.684780888,46522.47151523957,127.45882606914951,1.4869897594633912,1.4396411629629766,3,estimated,120.38235753487605,0.0,0.0,0.0,0.07079324412733072,0,Not a prescribed activity,0.08178139413264222,B: IEE/ESA-lite + water & power plan
F123,Malaysia,MYS,Penang / Kulim,5.378005413635062,100.54791616844484,colocation,air,local,2023,14.059108994373108,13107.095506112255,3.2767738765280634,1,0.0,6.0,0,potable,2.5,0.3685501079546121,0,,,,1.5605592925667837,1.3960579191199236,1.7309455913231242,139234.31935606833,94746.67364618274,176894.5551356555,76176.5971134082,51505.78334791845,99128.48875077716,27442.818872958826,75.18580513139405,1.5387927768203578,1.514066039237129,3,estimated,71.89141597863353,1.5689370654322865,2.102099961060226,3.40409410765329,0.04173700850703061,0,Not a prescribed activity,-0.10580868574389155,B: IEE/ESA-lite + water & power plan
F124,Malaysia,MYS,Penang / Kulim,5.367107188240495,100.36308086516594,hyperscale,evaporative,multinational,2019,20.29810786048673,23825.733406274285,5.956433351568571,1,0.0,2.0,0,groundwater,2.5,0.0,1,1.170202110966116,1.7290737772068603,0.6689168997705079,1.1709486282682406,1.1323332341603771,1.208224563704507,139331.26578180608,132932.28094724382,145620.13188416464,76362.17812701353,67902.87513825195,85208.57997979553,205764.27603263385,563.7377425551613,1.170202110966116,1.3094464835335884,1,measured,71.94147271645929,0.0,0.0,0.0,0.03648594816126616,1,State water/energy vetting (Johor-type committee),0.051002415816818414,B: IEE/ESA-lite + water & power plan
F125,Malaysia,MYS,Penang / Kulim,5.425882508685811,100.33476000933084,colocation,air,regional,2018,7.5776329126014685,5402.080396758469,1.3505200991896171,0,0.0,0.0,0,potable,2.5,0.7827900436246429,0,,,,1.5791225167377814,1.4114769204703173,1.7476376782294194,75860.53002299136,52286.645898581635,95658.17747675563,41524.82456831519,28330.763087728763,53676.89263383673,14595.157826997493,39.98673377259587,1.5520723111565904,1.6706568384245237,3,estimated,39.16937250431424,2.169675351989284,2.7467470004675314,3.7961965142878387,0.02237792692029388,0,Not a prescribed activity,-0.457715264591221,C: registration + resource plan
F126,Malaysia,MYS,Penang / Kulim,5.286030986997388,100.5220976415086,enterprise,air,local,2022,5.59815517306029,5909.860909528317,1.4774652273820794,1,0.0,0.0,0,potable,2.5,0.0,0,,,,1.551379006109166,1.392303646359548,1.7209412635248629,55370.496989303414,36801.853157556,70098.14080389934,30317.9279253618,19915.48077575419,39503.37959179764,10899.097525048008,29.86054116451509,1.4715067315499286,1.4161344176691484,5,proxied,28.589671356972065,0.0,0.0,0.0,0.016602169820283633,0,Not a prescribed activity,-0.8391001467568221,C: registration + resource plan
F127,Malaysia,MYS,Penang / Kulim,5.347534883295135,100.55916217167064,colocation,air,multinational,2026,11.33325064585238,10750.629092804564,2.687657273201141,0,0.0,12.0,0,potable,2.5,0.0,1,1.3934548737896975,0.36170407359884604,0.7140949198227734,1.393783873798061,1.3482254763159411,1.4398090117086524,98818.41412608436,94145.68812637612,103564.60577139886,54389.16128845725,48288.852774330466,60614.65688601099,25652.542866737767,70.28093936092539,1.3934548737896972,1.392589799519,1,measured,51.02330911762799,0.0,0.0,0.0,0.03576309918912218,0,Not a prescribed activity,-0.432150404639712,C: registration + resource plan
F128,Malaysia,MYS,Penang / Kulim,5.472232960986817,100.40074372259623,enterprise,evaporative,local,2025,1.9404332420469363,4211.829232933779,1.0529573082334447,1,0.0,0.0,0,potable,2.5,0.0,0,,,,1.3797445746559844,1.2543104561349905,1.5138562133303484,17143.56288727801,11317.157484088331,21655.75647298052,9371.399923347422,6244.006951021663,12167.443485961836,22368.655510143024,61.283987699021985,1.368156067262559,1.4144049026260437,4,proxied,8.851804760386122,0.0,0.0,0.0,0.016909131549706143,0,Not a prescribed activity,-1.256635705082266,C: registration + resource plan
F129,Malaysia,MYS,Kuching (Sarawak),1.6343801652952994,110.30658274316255,enterprise,air,regional,2015,2.7501299078623322,4083.615522926483,1.0209038807316209,0,0.0,0.0,0,potable,1.8,0.7341759082227114,0,,,,1.6170350797298472,1.4500178752040072,1.7784046784309318,28297.561525498026,19082.71732340126,35892.276238446364,15479.88354164823,10317.052717702247,20196.908930646987,5409.239786723708,14.819835032119748,1.618141314201941,1.4993993032173127,5,proxied,14.610993727832595,0.73284366898683,0.9321182391047484,1.2785157578996549,0.006177099673273701,0,Not a prescribed activity,-1.1742818952588359,C: registration + resource plan
F130,Malaysia,MYS,Kuching (Sarawak),1.5763160405825465,110.26840236444887,colocation,liquid,local,2014,5.881689299214793,9260.737696257083,2.3151844240642707,1,0.0,0.0,0,potable,1.8,0.6614398376865681,0,,,,1.2943338307260883,1.1795085962389928,1.4104235806882974,48592.85443245151,32624.07273970293,61114.1627523741,26648.502381082464,17631.686303747698,34446.18568116353,28533.019136914336,78.17265516962831,1.376110406278007,1.4097980604066724,3,estimated,25.090143922481875,1.3883947663138327,1.7863192826693937,2.49252915117744,0.0233895154466438,0,Not a prescribed activity,-0.6313915709663958,C: registration + resource plan
F131,Malaysia,MYS,Kuching (Sarawak),1.6467372755816427,110.46669016842266,hyperscale,liquid,multinational,2024,16.627361716476695,15469.599089409847,3.867399772352462,1,0.0,0.0,0,potable,1.8,0.0,1,1.12,0.7783657766259259,0.7210618788461247,1.1199633359531356,1.082864080574878,1.1555670050342866,117555.51230682632,112223.24899381962,123075.16678895181,64696.06132461164,57539.05667709597,72037.42883211115,81693.41482322189,223.81757485814217,1.1200000000000003,1.4150568441858629,1,measured,60.69791036374317,0.0,0.0,0.0,0.06674031659484804,0,Not a prescribed activity,-0.21183647498162766,C: registration + resource plan
F132,Malaysia,MYS,Kuching (Sarawak),1.5141037572262395,110.31224703764435,enterprise,air,local,2023,3.6955233639253513,4686.698990659727,1.1716747476649318,1,0.0,2.0,0,potable,1.8,0.34146261336091394,1,1.4653194761969195,0.2782145811785253,0.6941115645229813,1.4656906830649772,1.4189315064886583,1.5144817730113231,32933.467329214676,31425.851540283566,34488.701410923924,18091.397922301636,16097.53830938981,20165.809867457505,6241.604323717114,17.10028581840305,1.4653194761969195,1.3577880494233951,2,measured,17.004669612586575,0.37235950921395344,0.4984718690895567,0.7955485267507787,0.007684279397105352,0,Not a prescribed activity,-1.1209312153655577,C: registration + resource plan
F133,Singapore,SGP,Singapore West (Jurong / Tuas),1.319283071522371,103.67981726540985,enterprise,air,local,2022,8.522852032797575,10402.62721647538,2.6006568041188447,0,5.113711219678545,0.0,0,potable,4.0,0.1680644878828049,0,,,,1.5747238004893016,1.4103953227410273,1.740634543300436,85627.45931277587,57685.660818147735,108279.20324134089,34145.57386350709,22944.579288057517,44091.85317557905,16466.79309479541,45.11450162957646,1.4603963184471718,1.447515836784146,4,proxied,32.154451183733926,0.33154918542090545,0.4386831586915018,0.7285252913587345,0.07550386157368454,2,"DC-CFA capacity allocation gate (PUE<=1.3, WUE<=2, >=50% green)",-0.5624599944890603,C: registration + resource plan
F134,Singapore,SGP,Singapore West (Jurong / Tuas),1.3382890233386129,103.66365226221663,colocation,liquid,regional,2024,34.924549682808774,23418.559115122785,5.8546397787806965,1,0.0,2.0,0,potable,4.0,0.2597632777286337,0,,,,1.2467778686495112,1.1450028056202757,1.3631884629429076,280872.35113700863,188640.5334033879,350963.1447957998,111459.3308001938,74159.22768443622,142974.71415330694,171523.74415279552,469.9280661720425,1.3104248055696923,1.2080667996353875,3,estimated,105.47196397018429,2.377537415817252,3.2848457349295312,5.2112948511418224,0.3718243666980394,2,"DC-CFA capacity allocation gate (PUE<=1.3, WUE<=2, >=50% green)",0.4840678057512967,B: IEE/ESA-lite + water & power plan
F135,Singapore,SGP,Singapore West (Jurong / Tuas),1.3496771147529645,103.71259038674636,colocation,evaporative,regional,2021,26.367803859002517,24945.257486114362,6.236314371528591,0,0.0,0.0,0,potable,4.0,0.24785591251327427,1,1.2775174465804322,2.283791104346604,0.8253690722084881,1.2771483239467785,1.2348895448542627,1.3170985906035266,243400.97784996938,232075.25620902595,254607.76495755874,97204.40311627317,86578.82804565976,108225.05943640175,435339.01862453495,1192.709640067219,1.2775174465804324,1.258781706035728,2,measured,91.40087681174744,1.67405452592155,2.3230345084400117,3.8258573514614214,0.4642287721228221,0,Pre-2022 capacity: no allocation gate,0.555753326487726,A: full EIA + resource-consumption plan
F136,Singapore,SGP,Singapore West (Jurong / Tuas),1.2961384679733694,103.6540320603535,enterprise,evaporative,multinational,2025,5.20562643902261,5462.549909795861,1.3656374774489652,1,0.0,2.0,0,potable,4.0,0.22441052186775448,1,1.3369409711254774,3.0879711719599934,0.6863551093332402,1.3373217605597487,1.295029037204522,1.379888460620468,41883.96285383532,39955.1042082638,43816.46958893669,16770.955435797136,14882.832325222344,18678.66685866523,96746.7867514519,265.05968973000523,1.3369409711254774,1.345966969397138,2,measured,15.728083605115597,0.29167163274486135,0.39759132519869606,0.6533940479865892,0.09813006721417727,2,"DC-CFA capacity allocation gate (PUE<=1.3, WUE<=2, >=50% green)",-0.6204372786934533,C: registration + resource plan
F137,Singapore,SGP,Singapore West (Jurong / Tuas),1.3248506584623763,103.6622984370343,colocation,evaporative,regional,2024,17.185622600392243,14062.414103934749,3.515603525983687,1,0.0,0.0,0,reclaimed,4.0,0.2662696557792294,1,1.1834092210485458,2.263341463069089,0.7616910444720979,1.1830998787574756,1.1451815821244673,1.2207949295591638,135682.46850794065,129437.50076751945,142040.86146457674,54202.71696523942,48247.292434466304,60390.77161564834,259797.75720755928,711.7746772809843,1.1834092210485458,1.3139458730731197,2,measured,50.95089058044902,1.2146664547506214,1.6723162469377915,2.5872497391258054,0.13232490844591988,2,"DC-CFA capacity allocation gate (PUE<=1.3, WUE<=2, >=50% green)",0.1630267325843765,B: IEE/ESA-lite + water & power plan
F138,Singapore,SGP,Singapore West (Jurong / Tuas),1.3066209408986893,103.6678645131641,enterprise,air,multinational,2017,10.336723543664435,9942.1281299599,2.485532032489975,0,0.0,0.0,0,potable,4.0,0.09017061324635235,0,,,,1.5983834785866637,1.4346233012916647,1.7558209800204874,105154.720771061,71423.77669915289,132866.37111191842,41798.539900610616,28394.05631806884,54318.881607020965,20301.912487192996,55.6216780471041,1.5630264709567467,1.51633297863916,4,proxied,39.4872434953558,0.20313629543028475,0.25534235701331004,0.3805979734480368,0.09177128096324179,0,Pre-2022 capacity: no allocation gate,-0.4530112080906212,C: registration + resource plan
F139,Singapore,SGP,Singapore West (Jurong / Tuas),1.2868700920282685,103.65998826711864,enterprise,liquid,regional,2018,7.044677099952996,6563.49456389011,1.6408736409725275,1,0.0,0.0,0,potable,4.0,0.21405705865049474,1,1.3672048494693152,0.9141382775137442,0.7791415394229503,1.366805379002454,1.3199002235454123,1.4122603650150798,65664.76245707332,62732.55653178416,68790.01038115656,26266.811223559038,23297.62302699658,29254.744250203064,43926.24835051014,120.3458858918086,1.3672048494693152,1.352808048062288,2,measured,24.65814606509549,0.3715109257344946,0.5015806270027241,0.8026205657435963,0.0805979649577849,0,Pre-2022 capacity: no allocation gate,-0.5379612488080072,C: registration + resource plan
F140,Singapore,SGP,Singapore West (Jurong / Tuas),1.3076695191969727,103.69577680363453,colocation,air,multinational,2019,49.52890043493502,50227.24411892782,12.556811029731954,0,0.0,6.0,0,potable,4.0,0.0,0,,,,1.5844547011102974,1.421328148174244,1.7447968908049991,502430.97267318657,341471.8621804757,634442.3871755825,199981.92945421606,133482.66943396622,258349.10241158758,98597.74827579487,270.13081719395853,1.4823821067621172,1.4248527025796294,3,estimated,188.6706941169922,0.0,0.0,0.0,0.4405185430975796,0,Pre-2022 capacity: no allocation gate,0.5517580150702026,B: IEE/ESA-lite + water & power plan
F141,Singapore,SGP,Singapore West (Jurong / Tuas),1.327967759743522,103.70033779213355,hyperscale,air,regional,2020,61.317182782486924,46728.01434249821,11.682003585624551,0,0.0,0.0,0,potable,4.0,0.11329694357432321,1,1.3172846122142523,0.38769966172796366,0.8274079989307568,1.3174645584466453,1.2736431625300721,1.361279685868826,585305.4829718949,558299.2051471544,611679.1934167505,233805.29134019732,209594.26515458908,260274.49000802985,172169.65233920555,471.697677641659,1.317284612214252,1.320244241050185,2,measured,219.79136985772482,1.523015805203913,1.9499416848421693,2.908133664975088,0.5754284513750467,0,Pre-2022 capacity: no allocation gate,0.9183284122363958,A: full EIA + resource-consumption plan
F142,Singapore,SGP,Singapore West (Jurong / Tuas),1.2856065512092205,103.68376363494252,hyperscale,air,multinational,2015,87.05895911067883,72967.66514564132,18.24191628641033,1,0.0,0.0,0,potable,4.0,0.07585159132727316,1,1.3271499633562986,0.2613082275887496,0.657015849147035,1.3275499806950783,1.2841965811426796,1.370775246915348,665150.581291809,633758.8001130194,695867.7110223486,265270.67131861334,236975.05198312047,296754.7162830962,130809.82619264122,358.383085459291,1.3271499633562984,1.337649029781484,1,measured,249.77445398509718,1.4391887992615169,1.7989859990768964,2.6510608093984955,0.7488176644031344,0,Pre-2022 capacity: no allocation gate,0.9516457788011446,A: full EIA + resource-consumption plan
F143,Singapore,SGP,Singapore West (Jurong / Tuas),1.3493215506383558,103.67941653169248,edge,air,multinational,2012,2.749539262003506,4745.460091681736,1.186365022920434,1,0.0,6.0,0,potable,4.0,0.18869579863759192,0,,,,1.6270204111645326,1.4633807026454846,1.7942242658345198,28587.14320024786,19306.22933087039,36016.03319311111,11362.508709625748,7606.707613375595,14685.202071447764,5342.838166755863,14.637912785632503,1.6036590306934961,1.4347239362678703,5,proxied,10.734919707907684,0.12281754885728449,0.16408016683769905,0.27806222726058516,0.024376453566064996,0,Pre-2022 capacity: no allocation gate,-1.2588390815477568,C: registration + resource plan
F144,Singapore,SGP,Singapore West (Jurong / Tuas),1.3446824528109824,103.65731827980213,enterprise,air,multinational,2013,6.566314155964033,7751.392577417817,1.9378481443544544,1,0.0,2.0,0,potable,4.0,0.0,0,,,,1.6272821495698047,1.4627921860693558,1.7985735115702406,68792.70096281962,45953.36128201159,87127.57865173127,27320.34829936537,18099.74895307557,35412.52978056321,12874.640750526592,35.272988357607105,1.6111478814845852,1.6758777680106578,4,proxied,25.83273593142981,0.0,0.0,0.0,0.058283727801908984,0,Pre-2022 capacity: no allocation gate,-0.7494814738517855,C: registration + resource plan
F145,Singapore,SGP,Singapore West (Jurong / Tuas),1.2952838796147332,103.6611202852267,enterprise,air,regional,2023,16.823956309042956,17455.50526007147,4.363876315017867,0,0.0,0.0,0,potable,4.0,0.12678689806218787,1,1.4068446228017373,0.142824402572244,0.7419007443789091,1.4074279531499159,1.3608779639792026,1.4534017157757693,153863.76043575752,146969.73584509818,161026.531446271,61492.0710489403,54827.314794087084,68748.18011135008,15621.08103268177,42.797482281319915,1.406844622801737,1.4179670239183224,2,measured,57.778250266724065,0.4726600887360909,0.6097968043032663,0.9468357685543963,0.13891281891529877,2,"DC-CFA capacity allocation gate (PUE<=1.3, WUE<=2, >=50% green)",-0.2724983333675619,C: registration + resource plan
F146,Singapore,SGP,Singapore West (Jurong / Tuas),1.3073233582157882,103.65407166754488,hyperscale,evaporative,multinational,2020,53.753918694856445,57711.93154466334,14.427982886165834,1,0.0,0.0,0,reclaimed,4.0,0.0,1,1.1649456387683177,2.033978246802666,0.582693677044682,1.165063284271018,1.1282674982646346,1.204177969224217,319588.4334705858,304719.3961561654,335602.25479153806,127697.24745398824,113201.37563093522,141860.6352668287,558122.4336622886,1529.102557978873,1.1649456387683177,1.2553428555097892,1,measured,120.0104588573576,0.0,0.0,0.0,0.4138914565564796,0,Pre-2022 capacity: no allocation gate,0.5795207179314924,A: full EIA + resource-consumption plan
F147,Singapore,SGP,Singapore West (Jurong / Tuas),1.2983375621144615,103.67810480101176,edge,air,local,2023,2.6233837082031926,4157.604901030142,1.0394012252575355,0,1.5740302249219156,0.0,0,potable,4.0,0.36187995331259803,0,,,,1.5577621906071262,1.3959838025017157,1.7172775672520177,25998.0347942745,17121.38289760024,32993.42165395176,10329.168922091863,6858.41951681675,13428.61749918641,5059.056098544914,13.86042766724634,1.4633279628182843,1.351831875160203,4,proxied,9.762668977623033,0.2857584230351223,0.3827515186382637,0.6014170472737219,0.023234818754350798,2,"DC-CFA capacity allocation gate (PUE<=1.3, WUE<=2, >=50% green)",-1.2865518559573281,C: registration + resource plan
F148,Singapore,SGP,Singapore West (Jurong / Tuas),1.3164681961667724,103.66256875437223,colocation,air,local,2017,34.94129639121504,31344.21298903136,7.83605324725784,0,0.0,2.0,0,potable,4.0,0.0,1,1.3991048215227597,0.25992156280663836,0.6184215334382285,1.3996756152456982,1.3526350776457254,1.4456655292252958,264954.25061484904,252819.703027459,277363.6621605002,106177.69725879966,94734.55273793527,117564.12830988,49158.69877338087,134.68136650241334,1.39910482152276,1.410182995057786,2,measured,99.4944680794335,0.0,0.0,0.0,0.29853428485154776,0,Pre-2022 capacity: no allocation gate,0.11245806571810514,B: IEE/ESA-lite + water & power plan
F149,Singapore,SGP,Singapore West (Jurong / Tuas),1.3190886237180282,103.65169899136542,enterprise,evaporative,regional,2022,8.96251531299508,9774.813799049794,2.4437034497624484,0,5.377509187797048,0.0,0,potable,4.0,0.1601351041960527,1,1.439302212201889,1.6858905918802902,0.7598831078937723,1.4409087025113723,1.3912897438722618,1.4882124384023598,85949.86378896057,81992.00729394547,89980.70856577352,34291.130514378005,30513.279604406285,38091.59485066822,100530.83572130851,275.4269471816672,1.4393022122018893,1.4528447697087357,2,measured,32.27551911070618,0.3289554343744243,0.43305312692864417,0.6919310802441114,0.1293275822100018,2,"DC-CFA capacity allocation gate (PUE<=1.3, WUE<=2, >=50% green)",-0.2865138273328379,C: registration + resource plan
F150,Singapore,SGP,Singapore West (Jurong / Tuas),1.3082966251847539,103.6920442112942,enterprise,air,local,2017,8.655591319813166,9922.339572149609,2.480584893037402,0,0.0,12.0,0,potable,4.0,0.14879761292684915,0,,,,1.5947615258130774,1.4328615764957904,1.7587485892123593,88043.50501990519,60016.142478012946,112237.42252744306,35089.82375309693,23499.09279999447,46153.250752794054,16980.68350594134,46.52242056422285,1.4542864401178621,1.4715871022640805,4,proxied,33.06171416188431,0.2907757303133607,0.37973315995840407,0.5772569117806472,0.07683425445682289,0,Pre-2022 capacity: no allocation gate,-0.5504942281205467,C: registration + resource plan
F151,Singapore,SGP,Singapore West (Jurong / Tuas),1.3450771270853281,103.7086751963814,hyperscale,evaporative,multinational,2023,46.04661561044358,50475.00121976852,12.61875030494213,0,0.0,0.0,0,potable,4.0,0.0,1,1.12,1.5301019907375908,0.6030294840367041,1.1210852114020327,1.0848407189226197,1.1577637902051556,272512.8404275246,260477.98620320347,285345.9617591141,108808.63053410429,97079.11185953245,121344.25969037364,371659.5210606956,1018.2452631799879,1.1200000000000003,1.2511228769418168,1,measured,102.33283685856276,0.0,0.0,0.0,0.5775429022597565,2,"DC-CFA capacity allocation gate (PUE<=1.3, WUE<=2, >=50% green)",0.43636009498948664,B: IEE/ESA-lite + water & power plan
F152,Singapore,SGP,Singapore West (Jurong / Tuas),1.31981840686272,103.65765377402157,enterprise,evaporative,regional,2026,15.958177053248813,11992.686535008972,2.998171633752243,0,0.0,6.0,0,reclaimed,4.0,0.0,1,1.2673218170784595,2.642954874529198,0.6754852687538992,1.2670262795581961,1.2258229290583362,1.3078851878386002,119655.82947024265,114200.60962344694,125432.1213214313,47910.31405796652,42691.857440759275,53280.040366504734,249605.90984908713,683.8518078057182,1.2673218170784593,1.375903541706889,2,measured,44.932636778305714,0.0,0.0,0.0,0.12287389096317826,2,"DC-CFA capacity allocation gate (PUE<=1.3, WUE<=2, >=50% green)",-0.036916903569019,B: IEE/ESA-lite + water & power plan
F153,Singapore,SGP,Singapore East (Loyang / Tampines),1.3574591840740216,103.9433094362169,colocation,air,regional,2018,9.739960764467423,8220.468206671674,2.055117051667919,0,0.0,0.0,0,potable,4.0,0.0,0,,,,1.5980297148224847,1.4316452708620304,1.7642935128523127,97971.07112880118,65562.30542430907,125201.1439064763,39018.47467202613,25718.097211639695,51094.48185818941,19070.122289293446,52.24691038162588,1.45822637752179,1.4512433955089576,3,estimated,36.789670618653304,0.0,0.0,0.0,0.08643728573181715,0,Pre-2022 capacity: no allocation gate,-0.5255485145972839,C: registration + resource plan
F154,Singapore,SGP,Singapore East (Loyang / Tampines),1.3854858042813412,103.92223228331956,colocation,evaporative,local,2023,26.305081351600464,23247.89445645359,5.8119736141133975,0,0.0,0.0,0,potable,4.0,0.0,1,1.2171296325405865,1.8119023205299036,0.7702078646750888,1.217257100630929,1.1768656273065878,1.2580350580494128,216146.1439699516,206154.70304413806,226614.0987388455,86616.63021182525,76984.23592813603,96121.2823109023,321451.7246271153,880.6896565126447,1.2171296325405867,1.251282219705593,2,measured,81.16626010643719,0.0,0.0,0.0,0.39541344842345116,2,"DC-CFA capacity allocation gate (PUE<=1.3, WUE<=2, >=50% green)",0.2899484193897343,B: IEE/ESA-lite + water & power plan
F155,Singapore,SGP,Singapore East (Loyang / Tampines),1.3453687897908955,103.93389467255213,hyperscale,evaporative,multinational,2024,41.2881196425232,42734.19636044907,10.683549090112267,0,0.0,2.0,0,reclaimed,4.0,0.3696843341239431,1,1.3805787958904638,1.7947053503468444,0.7934749917785208,1.3801823158281203,1.3361588434665101,1.4247997463609583,396041.16079347057,377635.68647901,414513.3164456944,158273.45190646936,141356.1300035615,176002.27648050585,514785.27894461725,1410.3706272455267,1.380578795890464,1.3593526466297892,1,measured,148.7196545791117,4.62631344461906,6.198753612761013,9.833883570716809,0.31790798498486583,2,"DC-CFA capacity allocation gate (PUE<=1.3, WUE<=2, >=50% green)",0.952242499040265,A: full EIA + resource-consumption plan
F156,Singapore,SGP,Singapore East (Loyang / Tampines),1.346721691562669,103.97891981686556,edge,air,multinational,2026,6.92626652771712,6053.387312490593,1.5133468281226483,1,0.0,2.0,0,potable,4.0,0.10939128840181876,1,1.501387900243361,0.28617769309484753,0.5871914604105299,1.502006285828203,1.4546178618655936,1.551431618542633,53505.49114537847,51105.79418833794,55984.87750146384,21399.235694801293,18954.977161226485,23839.757733415627,10190.542476508734,27.91929445618831,1.5013879002433612,1.391912609505018,1,measured,20.0921493747869,0.1657394982144565,0.21181276061061852,0.3088476229385977,0.05944481024421063,2,"DC-CFA capacity allocation gate (PUE<=1.3, WUE<=2, >=50% green)",-0.8707888491448199,C: registration + resource plan
F157,Singapore,SGP,Singapore East (Loyang / Tampines),1.3730520410356934,103.95108083671919,edge,air,regional,2024,1.5486705305333062,2183.1042705053405,0.5457760676263351,0,0.0,0.0,0,potable,4.0,0.29370445820258756,1,1.436350380665239,0.5918518316351646,0.8402729719060931,1.4369820721675763,1.3867050732615784,1.4844741778769903,16370.46055050931,15602.379714179868,17163.603843314446,6540.997584548586,5823.7373395534305,7301.032002917993,6741.315919435743,18.469358683385597,1.436350380665239,1.4280872733214283,2,measured,6.147364161581001,0.12645563082226086,0.17194562648140446,0.2709636255686053,0.015969157433511513,2,"DC-CFA capacity allocation gate (PUE<=1.3, WUE<=2, >=50% green)",-1.467715158530912,C: registration + resource plan
F158,Singapore,SGP,Singapore East (Loyang / Tampines),1.3718730114958386,103.95683916286218,colocation,air,regional,2021,36.18242449624989,44030.34522307874,11.007586305769685,0,21.70945469774993,0.0,0,potable,4.0,0.0,0,,,,1.5752565344957352,1.4139235412533162,1.74806450025394,363740.1933386733,245112.58145663855,458435.5609809503,145196.83456164214,96556.78595013845,187506.1019650055,71447.96255066924,195.74784260457326,1.380012449163254,1.41909287050415,3,estimated,136.59013573611023,0.0,0.0,0.0,0.3214642128047917,0,Pre-2022 capacity: no allocation gate,0.324283502587587,B: IEE/ESA-lite + water & power plan
F159,Singapore,SGP,Singapore East (Loyang / Tampines),1.3721027985037582,103.91711352407155,colocation,air,regional,2021,26.29705335188205,30691.011242863693,7.672752810715923,0,0.0,0.0,0,potable,4.0,0.2017661634636947,0,,,,1.5745057809699472,1.4155365714009458,1.7434659016973644,265145.9520807797,181850.05976665186,337112.7494905065,105530.52072640945,71854.03092847738,137237.0322305218,51994.17477712552,142.44979390993294,1.5115529045004625,1.4016603734919726,3,estimated,99.5664549803364,1.2839901818676591,1.7107243694366923,2.710782494692426,0.23367710496428057,0,Pre-2022 capacity: no allocation gate,0.24640052316559868,B: IEE/ESA-lite + water & power plan
F160,Singapore,SGP,Singapore East (Loyang / Tampines),1.3776844820106997,103.96889997194793,colocation,liquid,local,2024,32.285131575615345,27737.106945767526,6.934276736441881,0,0.0,0.0,0,potable,4.0,0.17134936475901588,1,1.1954311012353331,0.6136969196444597,0.7298829993850453,1.1945489277494334,1.1577100714355613,1.23515028065473,246642.57910538843,235299.72899898485,258587.3770569378,98687.90119582394,87345.99756203071,109978.64711996594,126671.95581058449,347.0464542755739,1.195431101235333,1.1801110383787907,2,measured,92.61814881959448,1.2853242573833281,1.703933247329734,2.6635474446254626,0.3245904478170619,2,"DC-CFA capacity allocation gate (PUE<=1.3, WUE<=2, >=50% green)",0.31519082098352724,B: IEE/ESA-lite + water & power plan
F161,Singapore,SGP,Singapore East (Loyang / Tampines),1.3391939762513085,103.92236781848237,hyperscale,evaporative,multinational,2023,25.812433112372677,29197.46043900336,7.299365109750839,0,0.0,0.0,0,potable,4.0,0.0,1,1.23168334685359,2.1327385958413796,0.665191152793821,1.2325205400046357,1.1915377875393973,1.2726990954298147,185271.1352620338,176543.5843712147,193783.47391186692,74057.02076457656,65751.78038098324,82456.85150784634,320292.77508651,877.5144522918082,1.23168334685359,1.273363228817901,1,measured,69.57221109150888,0.0,0.0,0.0,0.39092481297530957,2,"DC-CFA capacity allocation gate (PUE<=1.3, WUE<=2, >=50% green)",0.21194681753308958,B: IEE/ESA-lite + water & power plan
F162,Singapore,SGP,Singapore East (Loyang / Tampines),1.388014666370556,103.92136687654727,colocation,evaporative,local,2023,16.538280257297767,12585.742174717967,3.146435543679492,0,0.0,2.0,0,potable,4.0,0.12888062292868963,0,,,,1.416012899317654,1.2823110358424983,1.5440016633359002,148757.11746481474,100316.6700028969,188115.49289007267,59518.053067819754,39971.73533545917,76754.31161203653,196973.7874054815,539.6542120698124,1.3938976493771391,1.4444696539987087,3,estimated,55.8606259037011,0.47328583819420217,0.6114387673997765,0.9443160155407384,0.24552481004184776,2,"DC-CFA capacity allocation gate (PUE<=1.3, WUE<=2, >=50% green)",0.08939389128308403,B: IEE/ESA-lite + water & power plan
F163,Singapore,SGP,Singapore East (Loyang / Tampines),1.3574715535403827,103.94559019554339,colocation,air,regional,2022,19.249372600030593,13866.349728346633,3.4665874320866585,1,0.0,6.0,0,potable,4.0,0.0,0,,,,1.5622117871824668,1.4059186010814506,1.7277074872838594,192298.34404044173,131253.28171077737,242779.12280232456,76526.22370939923,51512.03171675862,99222.46300131231,37648.77965218348,103.14734151283146,1.438796341532505,1.4609772637377416,3,estimated,72.21103797527594,0.0,0.0,0.0,0.17080452458871645,2,"DC-CFA capacity allocation gate (PUE<=1.3, WUE<=2, >=50% green)",-0.10034073507399253,B: IEE/ESA-lite + water & power plan
F164,Singapore,SGP,Singapore East (Loyang / Tampines),1.350451944085429,103.93773686401198,edge,air,multinational,2014,3.6714513500795047,4182.230940377871,1.0455577350944678,1,0.0,0.0,0,potable,4.0,0.0,0,,,,1.601694185909035,1.4321501190133865,1.7622664546155231,37541.13577651982,25693.94983784214,47388.9465361433,14888.89320011032,10149.89061760485,19375.43967705167,7074.657283801631,19.382622695346935,1.5412913549473615,1.504181591453758,4,proxied,14.0972840651355,0.0,0.0,0.0,0.032514032852908374,0,Pre-2022 capacity: no allocation gate,-1.1139287559004167,C: registration + resource plan
F165,Singapore,SGP,Singapore East (Loyang / Tampines),1.3361512160759632,103.94284384039797,colocation,evaporative,multinational,2021,35.93422297019291,24260.454747517673,6.065113686879418,1,0.0,6.0,0,reclaimed,4.0,0.2007481181453236,1,1.245106707280002,2.002964899206157,0.7090377713533906,1.2458699573351089,1.2054248942136279,1.2856630100272313,278109.7048034911,265780.3999863167,291091.65398070554,111492.42773648261,99001.83102369327,123794.53653202477,447132.1866395939,1225.019689423545,1.2451067072800017,1.3404843742074395,2,measured,104.43454703195037,1.7429006080747247,2.319366000029338,3.7842194304091223,0.2766843468619822,0,Pre-2022 capacity: no allocation gate,0.6346260593610037,A: full EIA + resource-consumption plan
F166,Singapore,SGP,Singapore East (Loyang / Tampines),1.3499504445678705,103.96433888326062,colocation,air,regional,2023,47.5217890870516,29849.185854048294,7.462296463512073,1,0.0,2.0,0,potable,4.0,0.0,0,,,,1.5622446214150476,1.3902994887022335,1.7203306112638823,472179.309655676,319174.7290784682,599349.978646598,188115.5279938117,125838.83514640675,243709.52323631902,92502.57537301426,253.431713350724,1.4557337399457615,1.4216324342519342,3,estimated,177.31072116520596,0.0,0.0,0.0,0.42140719416939254,2,"DC-CFA capacity allocation gate (PUE<=1.3, WUE<=2, >=50% green)",0.5093777520102245,B: IEE/ESA-lite + water & power plan
F167,Singapore,SGP,Singapore East (Loyang / Tampines),1.3556443507543008,103.97696535653975,enterprise,air,multinational,2019,7.607979307972169,7210.118941613158,1.8025297354032896,0,0.0,2.0,0,potable,4.0,0.44098854635672846,1,1.6764478781230232,0.3118758008935274,0.7967707004488365,1.6765177693343274,1.622930882462639,1.7314157418073126,89064.80363563933,85094.94930813077,93231.74681561331,35678.586559218544,31708.258772759178,39827.85024273763,16573.99273674188,45.408199278744874,1.6764478781230232,1.6494957173373737,1,measured,33.445227777110055,1.0724876283621672,1.4353747580836929,2.2265888486441336,0.06852389484289996,0,Pre-2022 capacity: no allocation gate,-0.47017582896124943,C: registration + resource plan
F168,Singapore,SGP,Singapore East (Loyang / Tampines),1.3814499855329898,103.92407394298107,colocation,evaporative,regional,2021,17.562870257637574,12774.792623335494,3.1936981558338737,0,0.0,0.0,0,potable,4.0,0.0,0,,,,1.425198909767818,1.292139767514096,1.5582289707214492,160094.68370575557,109050.46416373349,201374.8485396275,63488.37686595594,42728.55770244344,82276.98346287073,210663.2737975503,577.1596542398638,1.424847969506089,1.5858961945059975,3,estimated,60.11805947889406,0.0,0.0,0.0,0.2616275834158909,0,Pre-2022 capacity: no allocation gate,0.0681634479123994,B: IEE/ESA-lite + water & power plan
F169,Indonesia,IDN,Jakarta / Bekasi / Cikarang,-6.344834946281582,107.18784421809373,hyperscale,air,regional,2015,100.70782741039866,82811.39883927586,20.702849709818967,1,0.0,0.0,0,potable,3.6,0.0,0,,,,1.539582547480902,1.3743978615214096,1.7022229561855198,993512.4563785184,667080.7101712339,1244959.4854982046,691713.2423828403,456099.41780578165,897705.1926878121,197036.91187571423,539.8271558238746,1.4390273852497875,1.4670379590032672,3,estimated,698.0817338102595,0.0,0.0,0.0,0.7023275461057407,2,AMDAL (high-risk KBLI),1.4023240910954389,A: full EIA + resource-consumption plan
F170,Indonesia,IDN,Jakarta / Bekasi / Cikarang,-6.325111189460634,107.0005004372825,hyperscale,air,multinational,2023,17.323062603606992,12380.445585887755,3.095111396471939,0,10.393837562164196,0.0,0,potable,3.6,0.0,1,1.4899991302617204,0.20866918322878675,0.8428803455009537,1.489790807176791,1.4405646391884293,1.5367134599400054,190512.86999601626,182302.8234587272,199286.75361515346,133350.37683353812,118459.25625482238,148628.8007013867,26650.026018634548,73.01376991406725,1.4899991302617204,1.4908238981333533,1,measured,133.86199010001982,0.0,0.0,0.0,0.11646377871210128,1,UKL-UPL (medium risk),-0.020560845930229207,B: IEE/ESA-lite + water & power plan
F171,Indonesia,IDN,Jakarta / Bekasi / Cikarang,-6.185656929119478,106.98673870980276,hyperscale,air,multinational,2017,55.713508389470945,44391.09063451601,11.097772658629003,1,0.0,0.0,0,potable,3.6,0.0,1,1.3950216097940022,0.28846562832429407,0.8052623644636892,1.395535306086479,1.3492342727964812,1.441794572538062,548517.6821104295,522751.9095632376,574135.489533393,382956.0005988085,341338.7865828219,428693.05495071027,113381.32358402567,310.63376324390595,1.395021609794002,1.4113536215314413,1,measured,385.4105422583131,0.0,0.0,0.0,0.3911671428093469,2,AMDAL (high-risk KBLI),0.8710669580380429,A: full EIA + resource-consumption plan
F172,Indonesia,IDN,Jakarta / Bekasi / Cikarang,-6.346512253223954,106.99126270438644,colocation,air,regional,2021,6.213214392060046,9231.808813879506,2.3079522034698767,1,0.0,12.0,0,potable,3.6,1.5593673648572393,0,,,,1.5756196731808134,1.4105105652395642,1.7411633609198343,62062.327536713274,42361.13876909923,79037.84639476184,43216.823779678656,29121.398703842904,56564.832968767645,12248.794548434616,33.55834122858799,1.4331722770425825,1.388106326693151,3,estimated,43.60748265708988,3.409655574214507,3.925192214644302,4.74986313049671,0.04338592020300904,1,UKL-UPL (medium risk),-0.4536025753178477,C: registration + resource plan
F173,Indonesia,IDN,Jakarta / Bekasi / Cikarang,-6.370633498520421,107.17696577340942,colocation,evaporative,multinational,2022,21.415638713132765,19813.027064877613,4.953256766219404,0,0.0,2.0,0,potable,3.6,0.0,1,1.2550986211697643,2.277380947426204,0.6921538845705927,1.2561194172974015,1.21490231525985,1.2973807181539876,163127.47513235424,155383.36276135908,170722.8953119207,113834.09114747608,101506.44645464765,127291.3870895924,295494.8878021456,809.5750350743716,1.2550986211697646,1.272125042941082,1,measured,114.61991235376932,0.0,0.0,0.0,0.3015076372174574,1,UKL-UPL (medium risk),0.26079053670091557,B: IEE/ESA-lite + water & power plan
F174,Indonesia,IDN,Jakarta / Bekasi / Cikarang,-6.383774144933085,107.13574742467941,colocation,liquid,multinational,2024,36.92645317888238,40903.54873630671,10.225887184076678,0,0.0,0.0,0,potable,3.6,1.2503744253054454,1,1.12,0.8904142094418763,0.7253959084848318,1.1202450355792144,1.0827103139658696,1.15687632517181,262798.9589692472,250773.30287706354,275489.2040251468,184437.27774282824,163894.24220871401,205202.87436469248,208877.32872253895,572.2666540343533,1.1200000000000003,1.1427692700518202,1,measured,184.65309794856634,16.895790353399693,20.30306624051155,24.963765664042715,0.3394998256710412,2,AMDAL (high-risk KBLI),0.8879840078652488,A: full EIA + resource-consumption plan
F175,Indonesia,IDN,Jakarta / Bekasi / Cikarang,-6.2489224485841195,107.19442374369763,colocation,evaporative,multinational,2022,17.85229249559541,21127.466111020087,5.281866527755022,0,0.0,0.0,0,potable,3.6,0.7402394340704621,0,,,,1.409878434506574,1.2769513175076526,1.5399135495128562,160150.31460604497,107548.40645211375,200809.5980551745,111580.31059213092,75082.30046827372,142830.76415463843,208938.20640259032,572.4334421988776,1.4129719396689961,1.4771798915040473,3,estimated,112.52803985766279,4.80178169172321,6.1032125561584625,8.50083447297163,0.22890622031600755,2,AMDAL (high-risk KBLI),0.4801411596980772,B: IEE/ESA-lite + water & power plan
F176,Indonesia,IDN,Jakarta / Bekasi / Cikarang,-6.2650603183215825,107.21424660854679,colocation,evaporative,multinational,2020,17.902911662237596,18303.319559998654,4.575829889999663,1,0.0,0.0,0,potable,3.6,0.7826908012235269,0,,,,1.4202013607925874,1.288784237176002,1.5523360221057307,161455.58090895572,110298.45984391037,204661.19493834837,112971.54341186155,75228.71990947069,146675.54559513883,207333.0954658388,568.0358779885994,1.4332504937742023,1.472346724450502,3,estimated,113.44517235858929,5.125351365150796,6.488602560312746,9.020502561601603,0.22823674492048132,1,UKL-UPL (medium risk),0.492453556365278,B: IEE/ESA-lite + water & power plan
F177,Indonesia,IDN,Jakarta / Bekasi / Cikarang,-6.362380232742491,107.15401055385905,enterprise,air,multinational,2019,15.862386860061356,16922.54855808721,4.230637139521802,1,0.0,2.0,0,potable,3.6,4.82219651240535,0,,,,1.586970632803558,1.4253537115621147,1.7511898931062784,159963.0978783047,110002.44647537787,201942.30183399143,111497.33882221329,75635.53612767848,144320.38484594002,31234.84192264067,85.57490937709773,1.5174450271692472,1.5298401254385179,5,proxied,112.39649386942666,14.186420494817064,14.845831506027162,15.189282499993046,0.11074274894194026,1,UKL-UPL (medium risk),0.356217668810636,B: IEE/ESA-lite + water & power plan
F178,Indonesia,IDN,Jakarta / Bekasi / Cikarang,-6.331472962481944,107.10205624188578,hyperscale,evaporative,multinational,2022,41.46808786614469,43451.42539111401,10.862856347778504,0,0.0,2.0,0,reclaimed,3.6,0.0,0,,,,1.3494620579555079,1.2137605741140163,1.4818617036014627,360399.2170597189,247508.69124627023,453318.5312134281,250585.89705934428,170228.764543561,321374.08577755315,495852.4212855201,1358.4997843438907,1.399199269048212,1.3794518401209344,3,estimated,253.23095718998823,0.0,0.0,0.0,0.2405149096236392,2,AMDAL (high-risk KBLI),0.7674266568623559,A: full EIA + resource-consumption plan
F179,Indonesia,IDN,Jakarta / Bekasi / Cikarang,-6.231813190696888,107.1160376340316,edge,air,local,2023,1.5284951505434496,2856.503561169533,0.7141258902923833,1,0.0,12.0,0,potable,3.6,0.0,0,,,,1.5623706355959128,1.4006090763239383,1.7304629889279421,15196.652273683187,10204.294356373153,19270.766522914822,10639.121779922625,7009.6291386334715,13713.361543355446,2970.500769419691,8.138358272382716,1.4509821125879923,1.4404909907431414,4,proxied,10.677777917343642,0.0,0.0,0.0,0.010647572334803823,0,SPPL (low risk),-1.553363415007101,C: registration + resource plan
F180,Indonesia,IDN,Jakarta / Bekasi / Cikarang,-6.29285055293213,107.04757151030503,colocation,evaporative,multinational,2023,13.156645438855568,14607.771791521202,3.6519429478803,0,0.0,12.0,0,potable,3.6,0.0,1,1.4100358832824305,1.8756267372430617,0.5603071878595255,1.4096980146788007,1.3633267567273946,1.4551127476785872,91034.86862825576,86926.3118225745,95180.96573202011,63589.60071375023,56540.391922171555,70766.5099565453,121305.71601345626,332.3444274341267,1.4100358832824307,1.2993866032059918,1,measured,63.964753054882834,0.0,0.0,0.0,0.14909197315343603,1,UKL-UPL (medium risk),-0.17110220083267946,C: registration + resource plan
F181,Indonesia,IDN,Jakarta / Bekasi / Cikarang,-6.290189895780359,107.05289108892711,hyperscale,evaporative,multinational,2024,57.28460707471313,44687.202797440266,11.171800699360066,0,0.0,12.0,0,groundwater,3.6,0.0,1,1.300678178541805,1.9401289181290742,0.6452318841408005,1.3014208042498718,1.257146498001724,1.3431095883894857,421135.79361170455,401524.93160827656,441061.4008768522,294551.5830518926,263681.6567470885,327183.84990561346,628205.2382407724,1721.1102417555408,1.300678178541805,1.3018641974314258,1,measured,295.9069139864031,0.0,0.0,0.0,0.3322507210333362,2,AMDAL (high-risk KBLI),0.9128049921973732,A: full EIA + resource-consumption plan
F182,Indonesia,IDN,Jakarta / Bekasi / Cikarang,-6.41767717840494,107.10028860769806,hyperscale,liquid,multinational,2026,26.266339525632514,29940.887274181434,7.485221818545359,1,0.0,0.0,0,potable,3.6,0.0,1,1.2406340374130231,0.8624221479159118,0.6778661654074873,1.2410155661056002,1.2003016700730496,1.281064244028634,193471.89804646996,184503.39472866367,202859.74382882647,135578.50228588394,120792.23431998407,151449.63831698464,134656.56844488374,368.9221053284486,1.2406340374130234,1.2315595567312467,1,measured,135.94112199070938,0.0,0.0,0.0,0.23313871031559882,2,AMDAL (high-risk KBLI),0.18291564324664603,B: IEE/ESA-lite + water & power plan
F183,Indonesia,IDN,Jakarta / Bekasi / Cikarang,-6.391288640855932,107.1686455344467,colocation,evaporative,local,2024,13.684631909645027,17858.983081934457,4.4647457704836135,1,0.0,2.0,0,potable,3.6,1.1054229114564018,1,1.4868628376705577,1.5785676781579174,0.7150436679665618,1.4869038021276317,1.4389682766111849,1.5342814463992989,127315.31306825114,121458.13275859864,133324.24011798835,89260.02681404518,79337.8378666318,99128.971470924,135221.60634628945,370.47015437339576,1.4868628376705575,1.4666742470254015,2,measured,89.45684970196254,5.574361145771928,6.801349944100493,8.83024982911741,0.16050382888371484,1,UKL-UPL (medium risk),0.3186670319559009,B: IEE/ESA-lite + water & power plan
F184,Indonesia,IDN,Jakarta / Bekasi / Cikarang,-6.348921527824635,107.1082453255151,colocation,air,multinational,2024,19.09994262131122,23067.3701757926,5.76684254394815,0,0.0,0.0,0,potable,3.6,1.732945619729652,1,1.6190246737657348,0.22804745191979922,0.8262474987327273,1.6193057789513043,1.5667929606545261,1.6732384294498381,223866.31673688575,213282.91841630315,234415.747789639,156740.6258821933,139029.74891317505,174578.11424738512,31518.410085121242,86.35180845238696,1.6190246737657348,1.3550094787112723,1,measured,157.29746066702756,11.303745184781262,12.779492664939351,15.172789533330358,0.12969071325467782,2,AMDAL (high-risk KBLI),0.5006271413086735,B: IEE/ESA-lite + water & power plan
F185,Indonesia,IDN,Jakarta / Bekasi / Cikarang,-6.244023664419372,107.161776721636,enterprise,air,local,2024,13.816151656882274,17205.55738977857,4.301389347444642,0,0.0,0.0,0,potable,3.6,0.6811915719282192,1,1.4326689934161727,0.2934921155545394,0.7239605819935392,1.4329219205966868,1.3851517403424378,1.4780329946267012,125478.02307262167,119615.33647790572,131295.0992064716,87721.21060049366,78118.6097888389,97770.52384782104,25714.738904634367,70.45133946475168,1.4326689934161725,1.433195320036744,2,measured,88.16589599783244,3.378283467525659,4.328250794703075,6.15598283884347,0.0955625229526978,1,UKL-UPL (medium risk),0.005052619102260809,B: IEE/ESA-lite + water & power plan
F186,Indonesia,IDN,Jakarta / Bekasi / Cikarang,-6.267042393818725,106.99396155457191,colocation,air,regional,2026,29.12158376208436,20153.519759084855,5.038379939771214,0,0.0,0.0,0,potable,3.6,1.7382535429177175,0,,,,1.5313965687332822,1.369249246917739,1.6890776827124943,284910.9334208081,192639.72227684324,360457.11597339006,198551.65291051113,132117.2837993483,257201.11687790466,56505.115427900804,154.8085354189063,1.5178405359707345,1.5412171167339979,3,estimated,200.18985882560648,17.26330061275712,19.517334160372748,23.28545569176421,0.20280825507682976,2,AMDAL (high-risk KBLI),0.7950306804678083,A: full EIA + resource-consumption plan
F187,Indonesia,IDN,Jakarta / Bekasi / Cikarang,-6.406970186317498,107.0186942974633,edge,air,multinational,2019,1.3756181027288437,3557.8275990465463,0.8894568997616367,0,0.0,6.0,0,potable,3.6,1.812198209939514,0,,,,1.5779429292497464,1.4103250372152412,1.7396307932494417,13847.393215081178,9319.309792026062,17595.184338351388,9647.930122549813,6450.2503101359625,12515.842898929963,2643.6606118474397,7.242905785883396,1.5443340812362458,1.5277113378167428,4,proxied,9.72973434029438,0.8342478371554447,0.9433335974833423,1.1096750670269977,0.009564781362935757,0,SPPL (low risk),-1.5126221471067864,C: registration + resource plan
F188,Indonesia,IDN,Jakarta / Bekasi / Cikarang,-6.2038158098359135,107.14710046866243,hyperscale,evaporative,regional,2025,29.996412483666113,23155.180795436823,5.788795198859206,0,0.0,2.0,0,reclaimed,3.6,1.391887088145174,1,1.180952179446954,2.01963114682701,0.6456723392774627,1.181597785759383,1.1420580372037983,1.2205945271995828,200450.48502729594,191223.15768427623,209859.46952416,139897.12570990418,124655.06863539532,155385.8456593698,342744.97802094877,939.0273370436953,1.1809521794469542,1.1869361854524907,2,measured,140.84455734055734,14.996799643500237,17.79079034637206,21.705708176458398,0.17397919240526347,2,AMDAL (high-risk KBLI),0.8590230400389519,A: full EIA + resource-consumption plan
F189,Indonesia,IDN,Jakarta / Bekasi / Cikarang,-6.331995125522877,107.13980386892776,colocation,evaporative,local,2014,19.66656569581844,17941.5957987696,4.485398949692399,0,0.0,0.0,0,potable,3.6,0.0,1,1.260928860588034,2.1946394344185034,0.627317652702112,1.2603929124591244,1.218592781744771,1.3024443049454726,136167.7699368641,129931.39374462953,142492.19119916516,95094.52057046539,85039.59073179202,105540.47410722301,237161.64112577468,649.7579208925333,1.2609288605880342,1.3265102664467951,2,measured,95.67694125657458,0.0,0.0,0.0,0.25636306571121176,1,UKL-UPL (medium risk),0.134682474352181,B: IEE/ESA-lite + water & power plan
F190,Indonesia,IDN,Jakarta / Bekasi / Cikarang,-6.292745834258694,107.05195940763308,colocation,evaporative,local,2020,20.81462021353041,19009.81664054314,4.752454160135785,1,0.0,0.0,0,potable,3.6,0.0,0,,,,1.41204155526582,1.2871935663312146,1.5417006484776516,188020.7856401223,125903.83286568895,235866.1899365444,130589.11854951465,86776.34728259688,170165.85868541463,237951.0366121726,651.9206482525277,1.3474528176766196,1.3202349345717264,3,estimated,132.1109515933611,0.0,0.0,0.0,0.26349541920577996,1,UKL-UPL (medium risk),0.2892152391251074,B: IEE/ESA-lite + water & power plan
F191,Indonesia,IDN,Jakarta / Bekasi / Cikarang,-6.312528892347344,107.17355075679991,colocation,air,multinational,2023,21.222759541823496,18885.749661753023,4.721437415438256,0,0.0,2.0,0,potable,3.6,1.611939080498245,0,,,,1.5542555232096438,1.389021238094858,1.719494687359039,210891.27459269078,144018.1876315199,266455.084021896,146814.94414950226,98951.00661348237,190801.315591489,41015.067895663095,112.37004902921396,1.5069078736726518,1.4977987092888714,3,estimated,148.18067520738958,11.969160816523875,13.659758299964846,16.3691103911823,0.1477010460799741,1,UKL-UPL (medium risk),0.5186173165101676,B: IEE/ESA-lite + water & power plan
F192,Indonesia,IDN,Jakarta / Bekasi / Cikarang,-6.408973902690757,107.0934996527724,colocation,liquid,multinational,2019,20.06317799662497,22968.212964548024,5.742053241137007,0,0.0,0.0,0,potable,3.6,0.6970290937393174,1,1.1406959412479472,0.600068322347932,0.7730068439871491,1.1410421727080293,1.1021195070872982,1.1784650679915238,155027.11966204408,147715.18449213568,162207.78614429405,108278.76691094943,96038.34699064352,120815.6502951083,81571.41600161431,223.4833315112721,1.1406959412479474,1.170254832848537,1,measured,108.9282774327481,5.0394660819204855,6.439179283979415,9.286536458435197,0.1653092819813934,2,AMDAL (high-risk KBLI),0.30124164490304167,B: IEE/ESA-lite + water & power plan
F193,Indonesia,IDN,Jakarta / Bekasi / Cikarang,-6.380992513282715,107.15508251161839,enterprise,air,regional,2022,10.355064587345163,8891.02755836142,2.222756889590355,1,0.0,0.0,0,potable,3.6,0.0,0,,,,1.561746710484577,1.3932022914304425,1.7293190640906522,103407.23713069959,69572.19594353295,130934.14989716395,72057.8814615125,48218.16351484191,93766.66579278828,20100.01708210247,55.06853995096567,1.455424137455393,1.3796200805864232,5,proxied,72.6580758210695,0.0,0.0,0.0,0.07211938485586342,1,UKL-UPL (medium risk),-0.38080088736143425,C: registration + resource plan
F194,Indonesia,IDN,Jakarta / Bekasi / Cikarang,-6.306924777600022,107.18383385588172,colocation,evaporative,multinational,2025,15.854906757112483,16151.814446415583,4.037953611603895,1,0.0,0.0,0,potable,3.6,0.8261384225037786,1,1.1759158026536838,2.2634081369490238,0.577984630857449,1.1760986801937492,1.1367155839915657,1.2132920136501684,94428.9747098996,89857.71969907227,98614.21786497858,65932.12108762424,59027.2388196,73586.05878686282,181573.62399705852,497.46198355358496,1.1759158026536838,1.2091706747984647,1,measured,66.34958823535608,4.811207741455073,6.058747669647769,8.453065535933224,0.2009026335894875,1,UKL-UPL (medium risk),0.2087700648633963,B: IEE/ESA-lite + water & power plan
F195,Indonesia,IDN,Jakarta / Bekasi / Cikarang,-6.394146864372098,107.15804240224928,colocation,air,multinational,2021,25.585227055142965,32170.998261360757,8.042749565340188,1,0.0,6.0,0,potable,3.6,1.1445585188647218,0,,,,1.5758136761610575,1.4094353987168384,1.7447743005034624,256315.12324488745,170808.4992208991,322346.2704795158,178280.38482358033,117598.53357962483,229546.94695017755,49357.33155466956,135.22556590320428,1.4642006243313308,1.4569088102603613,3,estimated,180.09729469200659,10.768948677350275,13.080877453841744,16.47825262409012,0.17800871585263092,2,AMDAL (high-risk KBLI),0.6373709223544491,A: full EIA + resource-consumption plan
F196,Indonesia,IDN,Jakarta / Bekasi / Cikarang,-6.353505448742122,107.05607632346975,colocation,air,local,2020,23.2694829691269,26508.60166229199,6.627150415572997,1,0.0,6.0,0,potable,3.6,0.0,0,,,,1.5795924024576453,1.4115667866187116,1.750545721698197,233818.05031264818,159361.75877114246,295051.06390587206,163214.63783734915,109330.67131128299,211798.62720100785,45495.20751277583,124.6444041445913,1.3593844085272297,1.2781515432715647,3,estimated,164.28994816367072,0.0,0.0,0.0,0.16226012572860155,2,AMDAL (high-risk KBLI),0.1644698086789919,B: IEE/ESA-lite + water & power plan
F197,Indonesia,IDN,Batam,1.0634462939065579,104.04436271633556,hyperscale,liquid,multinational,2026,93.38238488893894,69175.55438375898,17.293888595939745,1,56.029430933363365,6.0,0,potable,2.3,0.0,1,1.153887310799592,0.9794618012607892,0.7553335774723597,1.153765201038452,1.1157599546154238,1.1926672185362508,712969.6016570826,680648.4783375295,747351.0030798952,498197.69379092084,444444.5573863469,555299.4868557184,604283.0042394968,1655.5698746287583,1.1538873107995917,1.1476534257919753,1,measured,500.9610624239253,0.0,0.0,0.0,0.5018388162460058,2,AMDAL (high-risk KBLI),1.1020170678589174,A: full EIA + resource-consumption plan
F198,Indonesia,IDN,Batam,1.0640509908316849,103.92043335575543,colocation,evaporative,multinational,2016,41.73063888524408,40589.404867938516,10.14735121698463,0,0.0,0.0,0,potable,2.3,0.4604241901343656,1,1.399002244296627,1.4023178647492411,0.8312714453999872,1.4000850264766664,1.3534643539543452,1.4462188047367952,425802.4407828346,406563.6368356514,445192.41141504934,297750.3698204999,265868.25589224946,331178.40865094046,426721.19650501444,1169.0991685068889,1.399002244296627,1.3970920161143208,1,measured,299.1858876191827,6.234740083459597,8.31106038530807,13.108593225955023,0.3182691335356481,2,AMDAL (high-risk KBLI),1.1493839859441577,A: full EIA + resource-consumption plan
F199,Indonesia,IDN,Batam,1.0036750072453164,103.9805448860877,enterprise,liquid,multinational,2021,6.469331205817496,6945.652550992264,1.7364131377480658,1,0.0,0.0,0,potable,2.3,0.1773748302257333,1,1.1582434375153718,0.7410573864016108,0.6868121046081586,1.158738892706927,1.1211896801272194,1.197270597815944,45138.288338990504,43050.03237293556,47232.29518620239,31530.22475538976,28047.160850697896,35103.756025868846,28849.09892349213,79.03862718764967,1.1582434375153718,1.2265574441160372,1,measured,31.7159733454865,0.26835873300668106,0.3569368905573055,0.5930685903301087,0.02695771772123068,1,UKL-UPL (medium risk),-0.7113029799474639,C: registration + resource plan
F200,Indonesia,IDN,Batam,1.0226736936326764,104.08997158366734,colocation,evaporative,regional,2019,19.017744100101712,18343.35867219349,4.585839668048372,1,0.0,0.0,0,groundwater,2.3,0.0,0,,,,1.411790328272383,1.282740741211219,1.542088158297901,172430.67967198518,116307.78037235995,215956.81457761335,119903.35001103197,80688.3695412294,154032.06107012267,217585.97757043788,596.1259659464051,1.397591934673582,1.5426962082430464,3,estimated,121.15671731612476,0.0,0.0,0.0,0.028362763135831727,1,UKL-UPL (medium risk),0.20573598490611594,B: IEE/ESA-lite + water & power plan
F201,Indonesia,IDN,Batam,1.0427903422754468,104.00822420814048,colocation,air,regional,2024,16.9735175378209,18838.115029254997,4.709528757313749,0,0.0,0.0,0,potable,2.3,0.5190793009076102,0,,,,1.5594740495033514,1.394816723983297,1.7244544744372265,167484.93997969106,112385.13305246361,213217.68773306016,116700.83007942922,77254.79263440624,152345.59108175166,33126.94801102152,90.75876167403158,1.494873367779703,1.5433300846868412,3,estimated,117.68164207453613,2.9666125467347393,3.9150924357284835,5.891624872229281,0.04519020473921993,1,UKL-UPL (medium risk),0.14262065049717598,B: IEE/ESA-lite + water & power plan
F202,Indonesia,IDN,Batam,1.181917496941555,103.98326004514594,enterprise,air,multinational,2020,17.511904684921095,14663.782802174623,3.6659457005436553,0,10.507142810952656,2.0,0,potable,2.3,0.0,1,1.29019352255144,0.3543926659521447,0.6493996737645864,1.2911520465994366,1.2477303439844456,1.3337993942718396,128566.69901149001,122602.71839219553,134492.85456083034,90051.86951942992,80319.945869207,100056.46576251743,35272.0250771555,96.63568514289179,1.2901935225514403,1.4604214405629676,1,measured,90.33612369929749,0.0,0.0,0.0,0.047280193065417156,1,UKL-UPL (medium risk),-0.1965224534376354,C: registration + resource plan
F203,Indonesia,IDN,Batam,1.1851649889674791,104.02307235303071,colocation,air,multinational,2026,38.97819160034961,40511.45625642542,10.127864064106355,1,0.0,6.0,0,potable,2.3,0.6191050647124587,0,,,,1.542198306739699,1.3781146766970205,1.7135667218835857,384338.3347655541,254773.40046366648,488501.0213332059,268179.8128014318,178598.0999613378,349161.37564391707,76849.55491748583,210.54672580133104,1.42742566143338,1.3566892280145382,3,estimated,270.05154226336793,8.493899028378012,11.019270662674812,15.99413888441627,0.10424119218165599,2,AMDAL (high-risk KBLI),0.8878970549698334,A: full EIA + resource-consumption plan
F204,Indonesia,IDN,Batam,1.1211449043131505,103.91393319986497,colocation,evaporative,multinational,2020,37.90232797910853,25657.168598032167,6.414292149508042,1,0.0,6.0,0,potable,2.3,0.15273732494973224,1,1.5486264788952564,2.520501153917777,0.7428790016296947,1.5483921668339011,1.4987258024033894,1.5990629975482662,381901.4221787347,364889.1752920716,399946.0978747685,266689.6279331407,238024.84258582888,297606.33836658555,621048.7086406299,1701.5033113441914,1.5486264788952564,1.5076965127848811,1,measured,268.33926965638733,1.3134325659668333,1.7198752277655738,2.883894722562142,0.42915615840577476,2,AMDAL (high-risk KBLI),0.9337184563239296,A: full EIA + resource-consumption plan
F205,Indonesia,IDN,Batam,1.0772682680598713,104.12105134482857,hyperscale,evaporative,multinational,2024,64.62877208592198,67943.06596463615,16.985766491159037,1,0.0,2.0,0,potable,2.3,0.42340929601545885,1,1.2111754804644261,2.5815117790539643,0.7167900187839703,1.2112172874042963,1.1709978189780346,1.25132502740242,491518.78312097973,468993.65979807003,515388.84227945085,343372.9485449578,305627.4003022829,384031.5040907758,1048657.6097773714,2873.034547335264,1.2111754804644261,1.2231151779438896,1,measured,345.36082775662453,8.62948804172393,11.579961400331568,17.279275431095346,0.7255808956426687,2,AMDAL (high-risk KBLI),1.4612864277969004,A: full EIA + resource-consumption plan
F206,Indonesia,IDN,Batam,1.088337187714045,104.022321027383,enterprise,air,local,2022,10.116726083739636,12867.923372489398,3.2169808431223497,0,0.0,12.0,0,potable,2.3,0.6353051010688567,0,,,,1.5691113872481703,1.407923463185215,1.7297702147532465,101090.41943882313,67815.48725073058,127729.83266051617,70240.06791652067,46775.6018391138,91431.25985294467,19918.00542485363,54.56987787631131,1.5157845214445722,1.5677978301820181,4,proxied,71.03018670817126,2.274801802449618,2.943342976835212,4.225513612805021,0.0270387287266648,1,UKL-UPL (medium risk),-0.22182828144960376,C: registration + resource plan
F207,Indonesia,IDN,Surabaya,-7.379582326473059,112.7607258301451,colocation,evaporative,regional,2014,3.2312694952095065,3428.701709463928,0.8571754273659821,0,0.0,0.0,0,potable,3.0,0.0,0,,,,1.4553017146216125,1.3209135320270602,1.585466670760055,29880.59006670799,20301.420894878505,37910.536406481435,20821.56404354939,14083.251539194041,27021.473878193938,37837.47495231527,103.66431493785007,1.5588776379008318,1.4653724087274527,3,estimated,20.995302058995044,0.0,0.0,0.0,0.03276708862732317,0,SPPL (low risk),-0.8751700514990592,C: registration + resource plan
F208,Indonesia,IDN,Surabaya,-7.368251900033874,112.79651616266644,edge,air,regional,2019,1.0669679493933408,3063.366857189558,0.7658417142973895,1,0.0,2.0,0,potable,3.0,0.361089605504147,0,,,,1.5739022300175012,1.4111824572250884,1.7461673752864482,10707.993250035204,7293.039189755272,13552.823067745237,7470.707831532989,4963.177081980947,9694.831631070694,2045.036007252554,5.602838376034395,1.5603814922811639,1.5029269733017618,5,proxied,7.523865901853584,0.1158847212974131,0.15521305173717492,0.24682991664136814,0.004550362334720532,0,SPPL (low risk),-1.7590780496500447,C: registration + resource plan
F209,Indonesia,IDN,Surabaya,-7.339497286226323,112.77240898079847,colocation,evaporative,multinational,2026,4.568439687683859,4130.600576068625,1.0326501440171563,0,0.0,6.0,0,groundwater,3.0,3.176891727072442,0,,,,1.376384125879952,1.248682413525929,1.507763953899428,40196.31562606452,27430.247929547215,50577.88895733507,28079.042860431917,18970.856894384855,36103.79966870957,54005.64223002241,147.96066364389702,1.4291408779575796,1.401649491231484,3,estimated,28.243544934817454,3.6943660221122077,3.909034908966183,4.219265366450253,0.014229557407930098,0,SPPL (low risk),-0.42868384906358464,C: registration + resource plan
F210,Indonesia,IDN,Surabaya,-7.398498663753706,112.6966183740128,colocation,air,regional,2014,11.853334828946556,16367.010856557568,4.091752714139392,0,0.0,2.0,0,potable,3.0,1.3745607053335682,0,,,,1.612862386538337,1.445427415102632,1.7774464002319166,122061.54039451975,81499.93052216378,153625.00348200672,84945.66736124287,55888.699988891116,110182.43047402207,22919.583242024437,62.79337874527243,1.485348133944526,1.3847026204562585,3,estimated,85.76533812243783,5.865741615462562,6.982783164286553,8.367541706507039,0.05067195026626228,1,UKL-UPL (medium risk),0.027779543306405877,B: IEE/ESA-lite + water & power plan
F211,Vietnam,VNM,Ho Chi Minh City / Binh Duong,10.936870731850993,106.65005005277641,colocation,air,local,2025,8.333854240540735,10567.203038625987,2.6418007596564967,0,0.0,12.0,0,potable,2.4,1.482118870246564,0,,,,1.521067420574152,1.3536937693672217,1.6848705694515944,80828.89811622002,54623.67305881641,102676.56702123789,44249.2581835224,29335.52736703445,57599.46100750328,15513.25180752359,42.50205974663997,1.349797761183843,1.3356499019995816,3,estimated,41.73470997985312,4.385743480150529,5.11633080729926,6.152831578313506,0.022906525770677567,1,Group III -> registration,-0.331734590641653,C: registration + resource plan
F212,Vietnam,VNM,Ho Chi Minh City / Binh Duong,11.06634838019253,106.81280122907278,hyperscale,evaporative,regional,2024,47.333945852254715,30830.11935295268,7.7075298382381705,1,0.0,0.0,0,reclaimed,2.4,0.0,0,,,,1.3233281880958234,1.194001204987069,1.447960983581926,397551.23288264824,270443.2150867575,502361.8638987,218212.7150981623,146359.09980230525,282660.1116498081,542315.6871563813,1485.796403168168,1.3933155847770897,1.4816413673296398,3,estimated,205.26922664013037,0.0,0.0,0.0,0.07723607580409714,1,Group II -> environmental licence,0.7432912479011896,A: full EIA + resource-consumption plan
F213,Vietnam,VNM,Ho Chi Minh City / Binh Duong,11.049553583965354,106.86116478717982,hyperscale,air,multinational,2018,31.92572888050932,26719.768806258915,6.679942201564729,0,0.0,0.0,0,potable,2.4,0.0,0,,,,1.5134738913261347,1.3507763786870075,1.6743436933876064,307127.481131238,206798.3551410359,392159.5949966762,167608.38283844528,111273.0953762602,217784.76111937742,60770.82169549649,166.49540190546983,1.3492195833042762,1.3717172529853119,3,estimated,158.58036730161555,0.0,0.0,0.0,0.08855656570696388,1,Group II -> environmental licence,0.2713490566703743,B: IEE/ESA-lite + water & power plan
F214,Vietnam,VNM,Ho Chi Minh City / Binh Duong,10.898910087178512,106.84633862876125,colocation,evaporative,local,2016,9.434037000931543,9133.397816568737,2.283349454142184,1,0.0,0.0,0,potable,2.4,0.6707677588833185,0,,,,1.4256704402303404,1.2970250879373826,1.5525682890496681,85371.28224667942,58321.18396664228,106980.10424436614,46960.556547469256,31760.180534120464,60321.28924475445,108694.34339672685,297.7927216348681,1.382269896655716,1.440736144878362,3,estimated,44.08009744300065,2.264645953119226,2.90781776208571,4.094188567203693,0.08061037860069047,1,Group III -> registration,-0.09503230906194524,B: IEE/ESA-lite + water & power plan
F215,Vietnam,VNM,Ho Chi Minh City / Binh Duong,10.949145564572847,106.78091650844979,hyperscale,liquid,regional,2017,34.038610341418504,39406.669832743486,9.85166745818587,1,0.0,12.0,0,potable,2.4,0.0,0,,,,1.2083956735073502,1.119886797549828,1.320214102406652,263721.72925336834,180918.94766902097,328094.8848149763,144961.55196101253,98202.01513277255,185224.88508359273,164174.12651894963,449.7921274491771,1.1651008704382713,1.2476049599285914,3,estimated,136.16850089864113,0.0,0.0,0.0,0.15404619425452146,1,Group II -> environmental licence,0.287283989911802,B: IEE/ESA-lite + water & power plan
F216,Vietnam,VNM,Ho Chi Minh City / Binh Duong,10.887307781606593,106.76059103379906,colocation,evaporative,regional,2018,12.037066055301596,10142.381496431748,2.535595374107937,1,0.0,0.0,0,potable,2.4,1.2313989597860941,0,,,,1.417384502663951,1.2811273540994155,1.5438104547104654,109063.40172239105,73934.77154518374,136533.18247543488,59880.44111480082,39966.79853598538,76936.31923626663,140400.08618510945,384.6577703701629,1.327205427032864,1.4251586885103296,3,estimated,56.31314475864177,5.428654366355856,6.535044477748153,8.05348683314323,0.10388125697225588,1,Group III -> registration,0.17137196642107502,B: IEE/ESA-lite + water & power plan
F217,Vietnam,VNM,Ho Chi Minh City / Binh Duong,11.025243731877135,106.75371302416963,colocation,liquid,multinational,2023,27.68437362176384,29608.59572369948,7.40214893092487,1,0.0,2.0,0,potable,2.4,0.0,1,1.12,0.7944233212930075,0.6848039513746528,1.1202794812127035,1.0847001057299872,1.1582324121018337,186083.7086971586,177456.13232606222,194685.50893319843,102163.32370164053,91178.34301200208,113824.19023719362,131853.81682813886,361.24333377572293,1.1200000000000003,1.122985970358788,1,measured,96.08134955996569,0.0,0.0,0.0,0.12428562904296753,1,Group II -> environmental licence,0.08958543577269085,B: IEE/ESA-lite + water & power plan
F218,Vietnam,VNM,Ho Chi Minh City / Binh Duong,10.985044302033991,106.67202447717601,edge,air,local,2014,1.7918189993498363,3432.1771336773345,0.8580442834193336,1,0.0,0.0,0,potable,2.4,0.8414094274454944,0,,,,1.5973677301571687,1.4356167346101878,1.755944102197372,18167.169812455126,12242.459410935311,23227.41053954451,9936.673857080958,6649.617979507853,12964.34963803875,3355.0220558030405,9.191841248775454,1.5408749230467638,1.5088871424730965,4,proxied,9.380327840018007,0.5543334869537428,0.6965718779484031,0.9393719467388586,0.00493677261101137,0,Group IV,-1.449706804758769,C: registration + resource plan
F219,Vietnam,VNM,Ho Chi Minh City / Binh Duong,10.881994777581506,106.71999966454779,colocation,evaporative,multinational,2012,10.816031765918407,12278.901962886968,3.0697254907217424,1,0.0,0.0,0,groundwater,2.4,0.7389459885667929,0,,,,1.4587722639232468,1.329955165345089,1.5887090470349474,100597.05158126491,66372.31633458807,126225.85762524999,55084.832860380026,36162.1346187482,71050.55581494574,124584.45452426179,341.3272726692104,1.4192372293811961,1.5999503037124805,3,estimated,51.94168014681771,2.903457983415704,3.6909310499145453,5.191181739375655,0.017648810686088274,1,Group III -> registration,0.030681923628948504,B: IEE/ESA-lite + water & power plan
F220,Vietnam,VNM,Ho Chi Minh City / Binh Duong,10.85861432068476,106.72150171656435,colocation,evaporative,multinational,2025,10.39508267315158,8307.78883739379,2.0769472093484476,0,0.0,0.0,0,reclaimed,2.4,0.867255043238325,1,1.2153961465468006,2.3131086532006355,0.817682220973869,1.2149364323348628,1.175573151904372,1.2557044272822475,90456.34524632587,86407.90394540937,94582.84186024553,49652.094019585245,44096.727358709184,55440.55560860361,171974.52310619046,471.16307700326155,1.2153961465468008,1.2396756273096934,1,measured,46.70568846880408,3.320014456905728,4.1574665822384524,5.61250533991184,0.016961936700553938,1,Group III -> registration,0.05422802506781581,B: IEE/ESA-lite + water & power plan
F221,Vietnam,VNM,Ho Chi Minh City / Binh Duong,11.06259066529627,106.63149532399156,edge,air,regional,2018,1.5013746137468456,3896.3664037769395,0.974091600944235,1,0.0,2.0,0,potable,2.4,1.8253714428852217,0,,,,1.5749069083227263,1.4030488353486914,1.733167762088213,15152.917457313088,10010.319058575955,18883.7206878281,8275.725831668711,5422.895143430404,10556.745946328041,2874.5515587853606,7.875483722699618,1.4219658710633292,1.5121759044564205,4,proxied,7.823966801085344,0.9141648096813335,1.0337308269520487,1.2257120068918999,0.004174564376997156,0,Group IV,-1.519356713981707,C: registration + resource plan
F222,Vietnam,VNM,Ho Chi Minh City / Binh Duong,10.942297253754484,106.71961323568092,colocation,evaporative,local,2023,9.387091092473865,11509.215726931965,2.877303931732991,0,0.0,6.0,0,potable,2.4,1.1352927273280307,0,,,,1.3828502698659968,1.2532962140251411,1.5093526798284855,82597.37631703913,54740.634407792975,104330.96661861915,45310.337872541524,29716.833747406457,58955.88962036631,106195.32611764736,290.9460989524585,1.3046750648409722,1.3203535026193165,3,estimated,42.64783544038774,3.9209352769337538,4.767614436889709,5.973887091646726,0.07903436532851882,1,Group III -> registration,-0.045471821382918935,B: IEE/ESA-lite + water & power plan
F223,Vietnam,VNM,Ho Chi Minh City / Binh Duong,10.978440088684598,106.71269909154236,hyperscale,air,regional,2025,11.543050988311483,13141.662978300532,3.2854157445751326,1,0.0,0.0,0,potable,2.4,0.7626608853291006,0,,,,1.4707409194107957,1.3052404883557003,1.6291031014762136,107758.1075609846,72040.65170970844,138009.6167722559,58986.047758808854,39671.85976256775,77190.94946749741,22038.4042472456,60.37918971848109,1.4753777217710067,1.4973677381688069,3,estimated,55.63917697565449,3.2105914161156455,4.0716025375640434,5.830335966702471,0.03205815010364356,1,Group III -> registration,-0.18090641753316256,C: registration + resource plan
F224,Vietnam,VNM,Ho Chi Minh City / Binh Duong,10.995397541863198,106.8621573231216,edge,air,regional,2017,0.9249265178980614,2737.9455487132545,0.6844863871783137,0,0.0,0.0,0,potable,2.4,0.0,0,,,,1.5815160895510263,1.425545859873806,1.7527004709366734,9432.769537078399,6417.880491119698,11887.910435468946,5151.516438618567,3497.1972207242784,6636.678350708351,1799.881536390912,4.931182291481951,1.453619367385522,1.5675331135844623,5,proxied,4.8704598245384405,0.0,0.0,0.0,0.002589156461676155,0,Group IV,-1.9080288563251726,C: registration + resource plan
F225,Vietnam,VNM,Ho Chi Minh City / Binh Duong,11.01203218616241,106.77834161402589,colocation,air,multinational,2021,11.169238577764672,15546.705323692066,3.886676330923016,1,0.0,0.0,0,potable,2.4,0.6648765805119303,0,,,,1.5574832007049637,1.397393960490763,1.7267356208611144,111357.55970464816,75186.10273261146,140095.6548956015,60651.70143110545,40787.695235970445,79460.86065248774,21698.82314687444,59.44883053938203,1.523533819709575,1.4402700840354283,3,estimated,57.49769657450095,2.652988105502884,3.410784176727756,4.873505783810331,0.031244441653302705,1,Group III -> registration,-0.19485451768426248,C: registration + resource plan
F226,Vietnam,VNM,Ho Chi Minh City / Binh Duong,11.023756664441583,106.83401971447574,colocation,liquid,multinational,2020,18.073530545600555,20049.372784132065,5.012343196033016,0,0.0,6.0,0,potable,2.4,1.340267416824889,1,1.2344188984251638,0.9870669143069861,0.7269841107488928,1.2355920678701704,1.1949965180195863,1.2765856105179578,142096.50535721797,135620.768234946,148973.01197680325,78178.1825692465,69649.37811779664,86952.64278422689,113626.23519679697,311.30475396382735,1.2344188984251636,1.15177549901034,1,measured,73.36925998554577,8.757669770937389,10.500897880669482,12.664092702454761,0.09766680826098732,1,Group III -> registration,0.31522170647800957,B: IEE/ESA-lite + water & power plan
F227,Vietnam,VNM,Hanoi / Bac Ninh,21.117741224974377,105.96002329596374,colocation,evaporative,regional,2026,12.031444896002553,11287.609575566436,2.821902393891609,1,0.0,0.0,0,potable,2.6,0.0,1,1.328533968560737,2.9503542893069548,0.7832531879248819,1.3289478149334406,1.2865065841755112,1.3713150950599955,109547.13247087576,104785.93627197994,114708.03587861371,60161.32858941562,53657.71239112098,67100.89515364602,243521.6933405974,667.1827214810888,1.3285339685607371,1.3290009531907585,2,measured,56.562911401103214,0.0,0.0,0.0,0.17008000579867646,1,Group III -> registration,-0.04378300250402662,B: IEE/ESA-lite + water & power plan
F228,Vietnam,VNM,Hanoi / Bac Ninh,21.18381852081934,106.16910024011312,colocation,air,multinational,2020,6.739784053211092,6080.30198630908,1.52007549657727,0,0.0,6.0,0,potable,2.6,0.8028637836350261,0,,,,1.5211186033608137,1.3525073724473597,1.6856218490496981,64904.486889468884,43401.16367018909,82896.54360579682,35697.72481889827,23659.781849507148,46563.243490835346,11956.979082731508,32.75884680200413,1.3594813768075449,1.4039862500686615,3,estimated,33.51239469859347,1.984424207464007,2.5075795352876766,3.483248954347292,0.020600034221616107,1,Group III -> registration,-0.5667315401666106,C: registration + resource plan
F229,Vietnam,VNM,Hanoi / Bac Ninh,21.163130724814984,106.05974789388014,colocation,air,multinational,2020,21.573290032159523,25147.38933604677,6.286847334011692,0,0.0,2.0,0,potable,2.6,0.8165547751939136,0,,,,1.5232842504333002,1.3592240184721518,1.6877452139773177,209549.47022356713,141998.23086096544,266269.7393171409,115337.29121177038,76675.98276916465,149738.90581627013,38582.207959464475,105.70467934099857,1.4973806862582473,1.4261914454731,3,estimated,108.1975205654508,6.466357394409408,8.154406012051757,11.359078601883043,0.06612394889604667,1,Group II -> environmental licence,0.33422209453597335,B: IEE/ESA-lite + water & power plan
F230,Vietnam,VNM,Hanoi / Bac Ninh,21.210293745644588,106.13480110241662,colocation,air,regional,2024,15.18827641981378,11423.46620157631,2.855866550394077,0,0.0,6.0,0,potable,2.6,0.9423176155151657,0,,,,1.4949366169886082,1.3315232964695984,1.6614873950131341,144962.4214473503,98085.12377245468,184694.84546044833,79370.51736080533,52993.975801767985,102756.81564513777,27087.321216727854,74.21183894993932,1.3360397171207439,1.3792096933543727,3,estimated,74.84902996430125,5.292607257071185,6.568270465912128,8.774521419226023,0.046507883163102025,1,Group III -> registration,0.06513398503191906,B: IEE/ESA-lite + water & power plan
F231,Vietnam,VNM,Hanoi / Bac Ninh,21.143078107477216,106.1138668937282,colocation,air,local,2026,11.223137811823031,12876.084205225676,3.2190210513064192,0,6.733882687093819,0.0,0,potable,2.6,1.497262749885942,0,,,,1.4768676886063612,1.317273481479213,1.6405519335271683,105044.26587213446,71164.79226609397,133475.9074729435,57209.25330926605,38852.78533075478,75261.99732381535,20049.14121857105,54.92915402348233,1.40040250476609,1.3496707449132574,3,estimated,54.23792818400893,5.955792327869379,6.929348070313194,8.459136024607314,0.03438630319486325,1,Group III -> registration,-0.12118449801490089,B: IEE/ESA-lite + water & power plan
F232,Vietnam,VNM,Hanoi / Bac Ninh,21.108084337163472,106.04176297141473,hyperscale,evaporative,multinational,2020,34.918820370358894,39712.469912486886,9.92811747812172,0,0.0,2.0,0,groundwater,2.6,0.0,1,1.2265847411061264,1.6744431175814025,0.747434670185195,1.22652352907767,1.1867171695342447,1.26720857483462,280789.2566003875,267671.8004449874,294009.4801471943,154541.81708344063,137361.44735772943,172123.5430835358,382805.40486319765,1048.7819311320484,1.2265847411061264,1.2501882873328973,1,measured,144.98104592278415,0.0,0.0,0.0,0.06955931051340931,1,Group II -> environmental licence,0.5089744542048564,B: IEE/ESA-lite + water & power plan
F233,Vietnam,VNM,Hanoi / Bac Ninh,21.12866621414105,106.08753437780922,colocation,evaporative,multinational,2016,27.07435815319269,18615.828398310387,4.653957099577597,0,0.0,0.0,0,reclaimed,2.6,0.0,0,,,,1.3822854573660714,1.2548846969668526,1.5144523678982251,238914.7356033887,162492.70301218008,299761.09395186795,131200.806505363,88058.45058593074,167981.2662303824,290828.1904191136,796.789562792092,1.2982357900636798,1.3484935113931966,3,estimated,123.35980611765657,0.0,0.0,0.0,0.05393291255989325,1,Group II -> environmental licence,0.366888054977146,B: IEE/ESA-lite + water & power plan
F234,Vietnam,VNM,Hanoi / Bac Ninh,21.141030184277007,106.02281456241157,enterprise,evaporative,regional,2022,9.434155283912919,8392.747683729744,2.0981869209324358,0,0.0,0.0,0,potable,2.6,0.6747656470553867,1,1.2668997622633769,1.5247933647144476,0.7815271288824468,1.266042847702932,1.2270145281150626,1.307176877124733,81766.19490179617,78112.85501129446,85612.48212976317,45030.49372446217,40007.15248218795,50103.79536565924,98522.1805217583,269.9237822513926,1.2668997622633766,1.4262783531321057,2,measured,42.2186681980491,2.2808351976994494,2.926121171094071,4.102894858724569,0.07790642130671352,1,Group III -> registration,-0.12111852975251661,B: IEE/ESA-lite + water & power plan
F235,Vietnam,VNM,Hanoi / Bac Ninh,21.102147189111808,106.02503254576881,enterprise,air,local,2023,6.914145320406487,7201.585898215243,1.800396474553811,0,0.0,2.0,0,potable,2.6,0.6064462984798792,1,1.3123719310424893,0.19992830743166973,0.7144184455252568,1.312430393509545,1.2675837477405623,1.3564489542390368,56806.87854934261,54122.973067131854,59491.19996403087,31142.639768227764,27863.114164185583,34606.255759437016,8647.055434571314,23.690562834441955,1.3123719310424895,1.327027510272204,2,measured,29.33132402360189,1.4691874995001175,1.9101625093046861,2.7105763581443556,0.018961412771848013,1,Group III -> registration,-0.7059521195436277,C: registration + resource plan
F236,Vietnam,VNM,Hanoi / Bac Ninh,21.067920834084124,106.14768587046568,colocation,air,multinational,2024,7.561080500245877,7579.268738595771,1.8948171846489426,1,0.0,0.0,0,potable,2.6,0.595159400350239,1,1.3955282287148096,0.31708142536608125,0.7439279636328284,1.3949639334454649,1.3475353643068553,1.4411976893898562,68731.5221598036,65633.35383948713,72023.90869343406,37782.51048689897,33697.96785180554,42092.60552776209,15620.943519128736,42.79710553185955,1.3955282287148096,1.315558804321165,1,measured,35.48842320835286,1.5699629244886164,2.045275651703964,2.8981092282900556,0.02443445940441157,1,Group III -> registration,-0.5213736004248398,C: registration + resource plan
F237,Vietnam,VNM,Hanoi / Bac Ninh,21.10683989460945,105.9754314258624,edge,air,multinational,2024,1.4566078365616388,3846.8780716302163,0.9617195179075541,1,0.0,0.0,0,potable,2.6,0.43303235208697805,0,,,,1.4976254081074853,1.3307745670044684,1.6599925156450939,13871.001417482199,9385.760480986153,17638.607356725384,7589.449029076139,5086.6770071694955,9914.104937261207,2572.1612666171727,7.047017168814172,1.4775710742917612,1.4078015417756025,4,proxied,7.162069937615323,0.20030628361834554,0.26855731037084796,0.4089654183747867,0.004444902132804238,0,Group IV,-1.6482528547866016,C: registration + resource plan
F238,Vietnam,VNM,Hanoi / Bac Ninh,21.143340634038445,106.14822113067868,colocation,evaporative,multinational,2024,8.885113677865139,7542.812077578859,1.8857030193947146,0,0.0,0.0,0,reclaimed,2.6,0.0,1,1.2720943351231246,1.4956659027536103,0.8343593435236603,1.2721804601990545,1.2307137502993883,1.3144868754977077,82593.3185312607,78938.88779507458,86443.37224049345,45350.19294175887,40453.49085307635,50799.221352650944,97079.42810299151,265.9710358986069,1.2720943351231246,1.311282692681669,2,measured,42.645740267540276,0.0,0.0,0.0,0.01769940607129419,1,Group III -> registration,-0.3166667703778237,C: registration + resource plan
F239,Vietnam,VNM,Da Nang,16.04437026209514,108.25807288461458,edge,evaporative,multinational,2014,0.7278913211235535,1495.6123214373747,0.37390308035934366,0,0.0,6.0,0,potable,2.0,0.0,1,1.5930731084961882,1.945050807736669,0.5293465791104796,1.59322553403267,1.5417126343878742,1.6440136564813608,5373.985301090004,5125.823571100792,5620.874226972472,2964.1642328181597,2626.439932661023,3305.7140118251227,6575.029111875696,18.013778388700537,1.5930731084961882,1.5822687652436151,1,measured,2.7747714394733056,0.0,0.0,0.0,0.004812414421117217,0,Group IV,-1.9638431794844486,C: registration + resource plan
F240,Vietnam,VNM,Da Nang,16.02702469078254,108.29749040785462,colocation,liquid,multinational,2013,4.22784066526055,3556.201696883678,0.8890504242209194,0,0.0,0.0,0,potable,2.0,2.0960982318035515,1,1.3077137478904508,0.6274511082622133,0.7143495552474516,1.3086534984588,1.2649912094618354,1.3493254138491895,34608.130820188955,33021.216101648635,36201.600220393106,19047.955515238333,16873.35468466229,21246.1814698187,16590.59796329974,45.45369305013627,1.307713747890451,1.3433493163693733,1,measured,17.86935534675514,2.778935460799507,3.1391958131959394,3.5554942745569487,0.01499249566543311,0,Group IV,-0.7838775951297796,C: registration + resource plan
F241,Vietnam,VNM,Da Nang,15.9712665091217,108.1642165270605,colocation,liquid,local,2023,5.504032918473971,5862.092668500591,1.4655231671251476,0,0.0,2.0,0,potable,2.0,0.0,0,,,,1.22169706085741,1.1233344566729038,1.331998714102332,43249.681167689036,29516.79600124473,53559.12034746402,23627.056807659334,16042.079659542344,30002.06500571017,25507.85517637345,69.88453472979027,1.361381178255404,1.214515765881324,3,estimated,22.331281785621716,0.0,0.0,0.0,0.02186363371609542,1,Group III -> registration,-0.8408164336414613,C: registration + resource plan
F242,Vietnam,VNM,Da Nang,15.970867618817916,108.1361851483373,colocation,air,regional,2015,5.080879316217945,7222.686089352007,1.805671522338002,0,0.0,2.0,0,potable,2.0,0.8881993242624479,0,,,,1.5656528624120165,1.396075760767098,1.7315441846888386,50308.783978976484,34153.89733326908,64182.86868732287,27483.718641357376,18494.850710323728,36099.784314663724,9316.34688122807,25.524238030761836,1.4222898470620926,1.4654899727305084,3,estimated,25.97613672504502,1.663978613938802,2.0781654631146766,2.773191351870019,0.011644474690339255,1,Group III -> registration,-0.7551967904852515,C: registration + resource plan
F243,Philippines,PHL,Manila / Cavite / Laguna,14.259028856662388,121.15493296308928,enterprise,evaporative,multinational,2015,8.448924245611872,11999.988079352886,2.9999970198382218,0,0.0,2.0,0,groundwater,2.9,2.0476313515754354,1,1.4003163935995655,2.8956804487180055,0.5885097716207706,1.4008237472389755,1.3548253322857753,1.4453195551033122,60968.54986938303,58126.78142812464,63674.14327234589,39613.55002988484,35186.94827810085,44091.93432776315,126037.75376949884,345.3089144369831,1.4003163935995655,1.4450482329496181,2,measured,39.77902552109603,5.484535115770846,6.199836061482003,7.057271475066098,0.02347247279779008,2,ECC (ECP / ECA),-0.070378333193954,B: IEE/ESA-lite + water & power plan
F244,Philippines,PHL,Manila / Cavite / Laguna,14.289297938897677,121.03309227931501,colocation,air,multinational,2019,10.735968450475063,8532.011491292456,2.133002872823114,0,0.0,0.0,0,potable,2.9,0.0,1,1.5907436076566153,0.4313014727691788,0.778201404803772,1.591786025820326,1.5383667410125954,1.6455367343899516,116404.85874161008,111073.47777316655,121862.65272441834,75505.77911474027,67457.1732489547,84418.78355766565,31557.493587685727,86.45888654160473,1.590743607656615,1.5857164052182413,1,measured,75.94853176895714,0.0,0.0,0.0,0.04876074622729873,1,CNC,-0.283008159454511,C: registration + resource plan
F245,Philippines,PHL,Manila / Cavite / Laguna,14.390127916479807,121.13390337082214,colocation,air,local,2021,9.463556743947699,10633.107371097836,2.658276842774459,0,0.0,0.0,0,potable,2.9,1.1149990136292283,0,,,,1.549719487420881,1.383193781546819,1.7148761728263486,93200.12393365768,63194.879374126314,118609.26730978211,60141.487215301604,40315.36894180739,78850.06533835246,18095.859677968045,49.577697747857655,1.4699256249625678,1.4936203877853558,3,estimated,60.80856632589937,3.8863297472888982,4.736470408917868,5.989166662958435,0.037148801156868416,2,ECC (ECP / ECA),-0.2127340829472853,C: registration + resource plan
F246,Philippines,PHL,Manila / Cavite / Laguna,14.242189090329788,121.14039665440754,colocation,air,local,2016,9.134695516253528,10399.545811902903,2.599886452975726,0,0.0,12.0,0,potable,2.9,0.9908580403312991,0,,,,1.6005242024367279,1.4374546682717397,1.7630217800179615,92553.90705632404,62970.509393944536,117471.10286852908,59820.2955247685,40100.91528205916,77767.76126198983,17765.59547710442,48.67286432083403,1.540469162072354,1.5764520160925417,3,estimated,60.386941115677224,3.354935182478622,4.142405691080824,5.426124566047859,0.03603701316153178,1,CNC,-0.23894688850702192,C: registration + resource plan
F247,Philippines,PHL,Manila / Cavite / Laguna,14.378831435061212,120.94462274665487,hyperscale,liquid,regional,2022,27.190894150712175,19739.07974274683,4.934769935686708,0,0.0,0.0,0,potable,2.9,0.6953949022942395,0,,,,1.1932198849835078,1.1131507097218651,1.297364012441968,208567.71772703208,142252.34637406,261065.30281044092,135046.76010596805,91067.40629703345,172559.6293119716,132497.48297154816,363.0068026617758,1.3010743531061446,1.1862787018325192,3,estimated,136.08033296043223,6.811507452647612,8.705264255984252,12.34478287426179,0.1550391745785895,1,CNC,0.5287715048065693,B: IEE/ESA-lite + water & power plan
F248,Philippines,PHL,Manila / Cavite / Laguna,14.37465732707618,121.02576541011298,hyperscale,evaporative,regional,2019,32.233323676900376,22752.057311508914,5.688014327877228,0,0.0,6.0,0,reclaimed,2.9,0.31661707373232323,0,,,,1.3415673410856876,1.2101181762757793,1.471097194329217,273287.4598706645,182767.87466188835,346356.92492577643,177325.01498048386,117992.43365149938,229562.19798835902,362193.00614192407,992.3096058682851,1.4399069058490113,1.4259511527143687,3,estimated,178.30682973566812,2.92744136693178,3.9481122888097535,6.421355448171947,0.08954936642749059,2,ECC (ECP / ECA),0.7552797232189469,A: full EIA + resource-consumption plan
F249,Philippines,PHL,Manila / Cavite / Laguna,14.319597388231763,121.1256718390247,enterprise,air,multinational,2025,4.462208134617315,4886.811600332785,1.2217029000831963,1,0.0,0.0,0,potable,2.9,0.0,0,,,,1.5399986445389646,1.3782192228658263,1.7001240055509461,43968.401379746094,29571.01424074018,55634.770422735106,28341.91355807941,18983.117388885425,36999.80308847791,8550.613716894268,23.426338950395255,1.4359760988421508,1.3853238084001647,4,proxied,28.687252105450355,0.0,0.0,0.0,0.017527101354153026,1,CNC,-0.9420754746638139,C: registration + resource plan
F250,Philippines,PHL,Manila / Cavite / Laguna,14.447114096717355,121.0591461433763,colocation,evaporative,regional,2020,12.71408233810936,16389.069413292636,4.097267353323159,1,0.0,6.0,0,potable,2.9,0.0,1,1.234123517142823,1.2903009343017768,0.6992617167674073,1.2344260632706323,1.1940821385727483,1.2750615674975554,96090.30458335408,91586.22172945182,100534.50868609591,62419.25863361241,55456.93976605658,69448.0581104235,100393.76565560437,275.05141275508043,1.234123517142823,1.4513864277960626,2,measured,62.69426920174529,0.0,0.0,0.0,0.09555802855055819,1,CNC,-0.1971455541830446,C: registration + resource plan
F251,Philippines,PHL,Manila / Cavite / Laguna,14.266006179155896,120.97433340587541,enterprise,evaporative,multinational,2020,5.0257236412912425,6731.493500717481,1.68287337517937,1,0.0,12.0,0,potable,2.9,0.9966174690806211,0,,,,1.4024766274975717,1.2759160665131741,1.5309787279172107,45014.75570893142,30205.769003442467,56737.97105787153,29276.326284716415,19315.06903796084,37680.01655153649,57938.824378585996,158.73650514681094,1.3586706601119005,1.411322958044325,4,proxied,29.369947620661794,1.857032115330883,2.2916041273037298,2.978633315388333,0.04872556461917898,1,CNC,-0.4648422607269958,C: registration + resource plan
F252,Philippines,PHL,Manila / Cavite / Laguna,14.336804321290103,121.07907115843696,colocation,air,local,2023,16.72667642840718,15971.894566071713,3.9929736415179278,0,10.036005857044309,0.0,0,potable,2.9,0.0,0,,,,1.5458449321904695,1.3821498877733969,1.7101263316391866,164033.79602662392,111057.548856586,208823.74996503195,106016.48404736444,71487.27898257719,138827.14964608342,31709.763181798753,86.8760635117774,1.4549737854325544,1.5386326268639414,3,estimated,107.02410623911011,0.0,0.0,0.0,0.06549525993586838,1,CNC,-0.1100140606157709,B: IEE/ESA-lite + water & power plan
F253,Philippines,PHL,Manila / Cavite / Laguna,14.296112343396363,120.93776193985818,colocation,air,multinational,2020,11.826376038814903,10857.144233173945,2.7142860582934865,1,0.0,6.0,0,potable,2.9,0.0,1,1.4860858605342488,0.33616315377931566,0.7355926252609333,1.4869987780847564,1.436678737609079,1.5347779299742947,113403.73057272391,108213.12349734882,118685.39270364075,73633.065732546,65068.76536515683,81820.19398345328,25648.423218173157,70.2696526525292,1.486085860534249,1.4854077543706203,1,measured,73.9904410110506,0.0,0.0,0.0,0.048244631966379084,1,CNC,-0.3237854575159513,C: registration + resource plan
F254,Philippines,PHL,Manila / Cavite / Laguna,14.419608156219287,121.14264823939409,hyperscale,air,regional,2020,26.108063006825738,23536.398322438028,5.884099580609507,0,0.0,0.0,0,potable,2.9,1.5534624502104355,0,,,,1.508771312954437,1.3462202241443704,1.66529018867507,249849.70537280865,169199.15881561773,315298.0163339652,161319.4887144786,108445.27317957293,209819.24216695814,49732.31417978883,136.2529155610653,1.302536427974099,1.3113725469712343,3,estimated,163.0148302322391,14.282506963249356,16.45816466751768,19.95473491867487,0.10237179392611197,2,ECC (ECP / ECA),0.6383115454082456,A: full EIA + resource-consumption plan
F255,Philippines,PHL,Manila / Cavite / Laguna,14.460021454386105,121.14029845413019,enterprise,air,regional,2022,10.87204510631002,13357.24305356358,3.3393107633908947,1,0.0,0.0,0,potable,2.9,0.0,0,,,,1.5575623706126436,1.3953742325901126,1.7236247581802864,107705.2206119351,73402.84186136936,136578.06046712378,70027.46415872368,47619.27956200451,91200.87483501088,21059.530293090822,57.697343268741974,1.4818819429340055,1.5517995273094927,4,proxied,70.27243929298331,0.0,0.0,0.0,0.04284001112436199,1,CNC,-0.38211849495720274,C: registration + resource plan
F256,Philippines,PHL,Manila / Cavite / Laguna,14.372092640509829,121.1560772198424,hyperscale,evaporative,regional,2026,18.23311945775112,23456.60979421118,5.864152448552796,1,0.0,2.0,0,potable,2.9,0.5506799136371853,0,,,,1.3073010147225497,1.181815323748597,1.4407843311472532,152493.3614856082,101314.82672552454,192253.4435436643,98813.94285916313,65321.25911622907,127251.68209436834,208127.7225740385,570.2129385590096,1.2512313187125756,1.3289478029829664,3,estimated,99.4945317106837,3.43561169922788,4.51423159692692,6.540083511139114,0.17553117701641582,2,ECC (ECP / ECA),0.3844215691387104,B: IEE/ESA-lite + water & power plan
F257,Philippines,PHL,Manila / Cavite / Laguna,14.294461955802554,121.08530714886135,colocation,evaporative,multinational,2021,8.973637726617563,9970.79688326991,2.4926992208174776,0,0.0,0.0,0,potable,2.9,0.0,1,1.331625678321729,1.3534556005196283,0.7041461753837139,1.3315375112875596,1.287969647748884,1.3749998256881935,73721.54514117702,70396.23517469715,77140.72839940373,47847.99211719957,42729.76209741413,53259.449730392684,74864.1275841954,205.10719886080932,1.3316256783217288,1.3512678180393525,1,measured,48.0997371908657,0.0,0.0,0.0,0.06984868793744622,1,CNC,-0.3710684198833105,C: registration + resource plan
F258,Philippines,PHL,Manila / Cavite / Laguna,14.322559119016345,121.15563948625436,colocation,air,regional,2014,13.396511396933894,12645.933980560736,3.161483495140184,1,0.0,0.0,0,potable,2.9,0.7576399875960557,0,,,,1.5929228787895353,1.4296628498114066,1.760235428009592,135223.4301878523,90522.21371964518,172196.93702881702,87439.0222215861,58171.66770802998,114305.41630792781,25194.350086952873,69.02561667658321,1.408220680335345,1.5140022989465882,3,estimated,88.22673808080776,3.698761347781066,4.692800605472224,6.576672469819744,0.05233427708393988,1,CNC,0.012277639453247967,B: IEE/ESA-lite + water & power plan
F259,Philippines,PHL,Manila / Cavite / Laguna,14.240543264261323,121.04494753884158,hyperscale,evaporative,regional,2019,28.70081686758214,20785.935771108714,5.196483942777179,0,0.0,12.0,0,reclaimed,2.9,0.93959703492768,1,1.315643206250251,2.886447551808848,0.681714556829418,1.3166699064970608,1.272751764440384,1.3594821802231345,225616.02071738272,215515.02923634864,236064.76145054077,146552.65770552837,131170.63763618868,162968.63250467187,494822.0449861201,1355.676835578411,1.3156432062502508,1.3967172927687337,2,measured,147.2035248552274,9.971022791569796,12.378038582173888,16.73002384060297,0.07973549337343935,2,ECC (ECP / ECA),0.8722472771106244,A: full EIA + resource-consumption plan
F260,Philippines,PHL,Manila / Cavite / Laguna,14.419855023000713,120.98261592077043,hyperscale,liquid,multinational,2021,41.09756797529309,35174.13195609971,8.793532989024927,0,0.0,0.0,0,potable,2.9,0.9944486067755635,1,1.12,0.747105914818586,0.7995985012327014,1.119650457447351,1.0845197752042368,1.1571274776216003,322454.5022696937,307613.6617235688,337302.25568039174,208812.43940459393,186373.3573275089,233672.76130121248,214854.9232455991,588.6436253304084,1.1200000000000003,1.1261382435801124,1,measured,210.38594328811223,15.151238160217178,18.70085570351412,24.88786390093671,0.24308861919331232,2,ECC (ECP / ECA),0.9479657616078994,A: full EIA + resource-consumption plan
F261,Philippines,PHL,Clark / Pampanga,15.227472570616182,120.51600223757802,enterprise,air,regional,2026,7.151698289858502,5736.095354234745,1.4340238385586863,0,0.0,0.0,0,potable,2.7,0.0,0,,,,1.517071786727784,1.352584806727971,1.6807230642639137,69482.43601210174,46222.263651373956,88413.32538806299,44972.23931692668,29520.86626827517,58740.99587742313,13413.754098418614,36.750011228544146,1.4190927593758502,1.3653545100178062,4,proxied,45.33392382326127,0.0,0.0,0.0,0.023914371273572235,1,CNC,-0.6642781060350074,C: registration + resource plan
F262,Philippines,PHL,Clark / Pampanga,15.27916589119997,120.47825741096888,hyperscale,evaporative,multinational,2024,45.09936111103783,50647.60141061631,12.661900352654078,1,27.0596166666227,0.0,0,reclaimed,2.7,1.4941186834083133,1,1.3868495533561405,2.211123787398399,0.7168479514110166,1.3863462325902822,1.3412739063337034,1.4333171751560634,392907.0603360693,374253.81336129585,411543.56858650804,255265.62465756494,226420.7229115111,284748.1588859843,626639.2072665384,1716.8197459357216,1.3868495533561407,1.368905342425502,1,measured,256.3528247598368,23.891582905239435,27.812355952177356,33.58953378141297,0.10005341288815392,2,ECC (ECP / ECA),1.3481142216290458,A: full EIA + resource-consumption plan
F263,Philippines,PHL,Clark / Pampanga,15.166721720288864,120.54556941554453,edge,air,local,2022,2.127681424299572,2791.2743799415725,0.6978185949853931,0,0.0,0.0,0,potable,2.7,0.0,0,,,,1.5390628599063267,1.3707354538271375,1.708000428217574,20856.95535970077,14314.06112131517,26622.05400095708,13489.728442186137,9363.58840694857,17792.953284861735,4045.5349078314007,11.083657281729865,1.5090875289973602,1.406508768325096,4,proxied,13.608153077666323,0.0,0.0,0.0,0.0071476048421973085,1,CNC,-1.396249460065314,C: registration + resource plan
F264,Philippines,PHL,Clark / Pampanga,15.274441674580316,120.66252076115994,colocation,air,local,2026,15.510688498244726,14855.130169820695,3.713782542455174,0,0.0,0.0,0,potable,2.7,0.0,0,,,,1.5217748486101295,1.3558869799605142,1.6807993251774176,150143.91206131736,102623.35539753259,191779.34006180993,96639.13452111908,65283.964289372714,127393.77476839168,29565.470810014653,81.0012898904511,1.415378901015277,1.4756275069486,3,estimated,97.96162976681899,0.0,0.0,0.0,0.052149910092762194,1,CNC,-0.169569994379233,C: registration + resource plan
F265,Philippines,PHL,Clark / Pampanga,15.12469265269496,120.44718248717199,enterprise,air,local,2026,7.717792959868861,10673.617421054718,2.6684043552636796,1,0.0,0.0,0,potable,2.7,0.0,0,,,,1.5162496221268928,1.3523385833413903,1.680094891955345,74736.24690327008,51333.03794960857,94638.40032317227,48446.521512836895,32936.81599226559,63014.21940407198,14587.443943646285,39.96559984560626,1.4460984293957648,1.3876934341213747,5,proxied,48.76178093927493,0.0,0.0,0.0,0.02587447223447172,1,CNC,-0.6167588131363088,C: registration + resource plan
F266,Philippines,PHL,Clark / Pampanga,15.164338567263664,120.53124988648673,colocation,air,regional,2013,9.366795734702146,8265.945741994608,2.066486435498652,0,0.0,0.0,0,potable,2.7,0.5825302896203978,0,,,,1.6126640836537254,1.4540810164501525,1.7806824738384583,95989.88369975964,64732.26184145448,121516.1899802228,62187.798450892675,41660.22131932604,81068.32774046129,17982.906605110933,49.26823727427653,1.4744460242121424,1.5770741632076801,3,estimated,62.62874943950865,1.8938063801243699,2.4728339866011138,3.5208599979575363,0.031570080047556744,1,CNC,-0.29152261757466524,C: registration + resource plan
F267,Philippines,PHL,Cebu,10.402893246597504,123.79658651972318,edge,air,multinational,2018,0.6063772851261154,2219.868823368693,0.5549672058421733,1,0.0,0.0,0,potable,2.5,0.6420877126501662,0,,,,1.576936024672734,1.4190971926862745,1.7496920182015347,6108.644571099201,4160.07711681331,7796.762475066249,3952.000249335592,2678.3249486838067,5164.398178589399,1169.505420255411,3.2041244390559207,1.5675203875141477,1.5971190934431643,5,proxied,3.9855946846963897,0.1381095474464799,0.17847861668545278,0.24678377772942992,0.0017916693880781068,1,CNC,-2.111754206515883,C: registration + resource plan
F268,Philippines,PHL,Cebu,10.224942678360225,123.88591085294811,enterprise,air,multinational,2021,1.4842130856107794,3680.3359365720876,0.920083984143022,0,0.0,6.0,0,potable,2.5,0.8566760202156966,0,,,,1.5726272772475345,1.4068351999927153,1.7306898263205461,14862.404741357792,10102.40970777778,18919.557862863254,9648.764992067896,6424.207349819929,12471.677280414828,2881.292567746699,7.893952240401916,1.5515377726117685,1.4039175983597298,4,proxied,9.696999170521897,0.46794903044760267,0.586803706804407,0.8125743553929192,0.004396655821611767,1,CNC,-1.5386965258942213,C: registration + resource plan
F269,Philippines,PHL,Cebu,10.409982809655029,123.89650544777388,enterprise,air,multinational,2025,3.2981877564803197,3205.5510921125806,0.8013877730281451,0,0.0,0.0,0,potable,2.5,0.9621285234655249,0,,,,1.5257412333435134,1.356542911631376,1.693840173607868,32110.07215028254,21370.359199825074,40650.743536514376,20759.039668785663,13702.885699856479,26857.87107970234,6333.756821507259,17.35275841508838,1.552341307853566,1.3964836785795112,5,proxied,20.95026669138079,1.174624731438064,1.4546231834377428,1.9309001183401027,0.009728762717263301,1,CNC,-1.0089729601254216,C: registration + resource plan
F270,Philippines,PHL,Cebu,10.42441739443975,123.90626192121475,edge,air,regional,2024,0.6657854779979002,1716.1335794354068,0.4290333948588517,0,0.0,12.0,0,potable,2.5,0.0,0,,,,1.54038667899238,1.377372153541353,1.7053774423976982,6550.064609753586,4371.363219975498,8270.455419043985,4245.005670122859,2772.9049611784385,5504.579715031974,1272.9800240544998,3.4876165042589036,1.489352087593495,1.4977138847963538,4,proxied,4.273599877878356,0.0,0.0,0.0,0.0019605406676217593,1,CNC,-2.089231303597639,C: registration + resource plan
F271,Cambodia,KHM,Phnom Penh,11.647696769131347,104.94824232271195,hyperscale,evaporative,multinational,2018,8.527056992826223,11197.059931693471,2.7992649829233676,0,0.0,6.0,0,reclaimed,2.0,0.0,0,,,,1.3664508098860382,1.2345166026644403,1.4971283772883057,74356.35225084043,48862.15247258843,94209.13160723858,36921.757873578375,24476.566082317702,47971.7323386744,98561.7478230793,270.0321858166556,1.4352687440796834,1.3717886916654463,3,estimated,34.90246758806736,0.0,0.0,0.0,0.010161329098793408,0,Registration,-0.39820955879682274,C: registration + resource plan
F272,Cambodia,KHM,Phnom Penh,11.489095774792489,104.96540343388995,hyperscale,evaporative,multinational,2019,16.153698696995274,19661.853861906555,4.9154634654766385,1,0.0,0.0,0,potable,2.0,0.0,1,1.3542405281211398,3.335747844300004,0.6431669608996605,1.3538789149520531,1.3091903524043664,1.3980418356670046,123123.46966408979,117450.11330520903,128797.64198373037,61463.151562353,54783.494191737766,68648.44995143969,303855.24093192304,832.4801121422549,1.35424052812114,1.2939884704343987,1,measured,57.79348743177106,0.0,0.0,0.0,0.20156281636983975,1,IEE (category),0.01215809429315124,B: IEE/ESA-lite + water & power plan
F273,Cambodia,KHM,Phnom Penh,11.495502740841095,104.90606885101269,enterprise,air,local,2024,3.512232124087679,4074.271553561702,1.0185678883904254,1,0.0,0.0,0,potable,2.0,0.0,0,,,,1.5410892814700148,1.3698778902134834,1.7056357559443718,34496.04259899405,23138.601266985625,43678.88106071089,17135.607804620715,11420.730416096456,22327.773587413798,6720.831893843958,18.413238065325913,1.5782355022035923,1.5263537268825167,4,proxied,16.19225489526851,0.0,0.0,0.0,0.008217875933275607,0,Registration,-1.1563651490325118,C: registration + resource plan
F274,Cambodia,KHM,Phnom Penh,11.64876993338191,104.99697380635938,enterprise,air,regional,2026,1.8249403087557945,3710.571345826809,0.9276428364567022,1,0.0,6.0,0,potable,2.0,0.0,0,,,,1.5293938506403997,1.3641656129339554,1.6930883649489306,17820.235519905877,11772.20261913611,22420.91031180956,8877.687154039166,5828.296754368627,11402.379863626067,3485.2456599196194,9.548618246355122,1.4070566453552218,1.4206284480639169,5,proxied,8.364721692465912,0.0,0.0,0.0,0.0042658507054901176,0,Registration,-1.5506752990184212,C: registration + resource plan
F275,Cambodia,KHM,Phnom Penh,11.669578792084874,104.98457192601344,colocation,evaporative,multinational,2022,13.03628107721415,13206.258311749303,3.3015645779373255,1,0.0,0.0,0,surface,2.0,1.466329695662138,0,,,,1.394840811215552,1.2624127154943394,1.5277598159341994,115774.14562840444,78456.18935013279,146043.86368588312,57604.12422656853,38799.048239972355,74155.27925855046,148837.55206328665,407.77411524188125,1.4727480100799455,1.521876136878096,3,estimated,54.343754676129954,6.800423787028709,7.955748144937974,9.799650089879,0.015534778571480062,1,IEE (category),0.2124338942904935,B: IEE/ESA-lite + water & power plan
F276,Cambodia,KHM,Phnom Penh,11.49902938503119,104.87563168689331,hyperscale,air,multinational,2023,22.679324740806614,16489.309656749425,4.122327414187356,1,0.0,0.0,0,potable,2.0,2.3134213280040097,0,,,,1.4897522833987502,1.3249086146573306,1.6524199134839257,215161.85379881167,146600.3659450495,272660.9435862777,106834.73253577239,72680.95851184019,140418.12172973153,43813.41917822417,120.03676487184704,1.38180800769256,1.4451971193176938,3,estimated,100.99580467675017,15.736217461059796,17.68625494446096,19.511537441263343,0.053314032759742114,1,IEE (category),0.4652407010844101,B: IEE/ESA-lite + water & power plan
F277,Lao PDR,LAO,Vientiane,17.851729526865064,102.62198996053674,colocation,evaporative,regional,2024,2.4952143213306353,4535.702460985557,1.1339256152463892,0,0.0,0.0,0,potable,1.6,0.0,1,1.367116154782793,1.497439158167107,0.7512430288774838,1.3670338884528017,1.3229073699486622,1.4112621743259668,22438.804398468703,21416.714393220216,23503.971543780666,5610.130306912468,4986.3741956667345,6248.462160345734,24600.526092034772,67.39870162201308,1.3671161547827928,1.3605314994706974,2,measured,6.916872117914397,0.0,0.0,0.0,0.017205281599124076,0,Registration,-1.2813504069700183,C: registration + resource plan
F278,Lao PDR,LAO,Vientiane,17.883582686687266,102.59535775188147,colocation,liquid,regional,2023,4.147798526602371,4790.489520314645,1.1976223800786612,1,0.0,0.0,0,potable,1.6,0.6676626417837073,1,1.3110915188504726,0.8720398893993706,0.7693303428321201,1.3110140920304412,1.2679243874284396,1.3530791551888033,36626.45481678721,34974.66928372438,38404.12525925488,9174.414139067769,8157.95346735493,10190.751143339981,24374.805019991934,66.7802877260053,1.3110915188504728,1.185498117591783,2,measured,11.290285328998,0.990162832393788,1.2722225971355583,1.821409623899286,0.0186891535850763,0,Registration,-0.9548356623849418,C: registration + resource plan
F279,Lao PDR,LAO,Vientiane,18.0006462025897,102.56504308030736,colocation,air,multinational,2012,3.593820046479162,4527.348350639708,1.131837087659927,0,0.0,0.0,0,potable,1.6,0.0,0,,,,1.5700619722673843,1.407345038307561,1.7373700859174632,35903.38604611965,24031.803907261132,45710.64009165916,8963.622273196122,5972.513803026983,11692.397508918195,6405.739607012663,17.54997152606209,1.5272541947548783,1.468544947609342,3,estimated,11.067395814461014,0.0,0.0,0.0,0.007364891820610406,0,Registration,-1.2799263432370014,C: registration + resource plan
F280,Lao PDR,LAO,Vientiane,17.993592956019228,102.69364041216642,enterprise,evaporative,multinational,2022,1.3903297382038793,2333.7218367118953,0.5834304591779738,0,0.0,0.0,0,reclaimed,1.6,0.0,1,1.425775872995322,2.0761996435628443,0.8743855448369495,1.4254728265984915,1.3780310454532734,1.4710147738921713,15155.675909626789,14457.945601958902,15870.62135640807,3793.42373505865,3365.3154733420797,4216.774405081308,22064.78831632572,60.451474839248554,1.425775872995322,1.413945011338532,1,measured,4.671811842818077,0.0,0.0,0.0,0.001362331416441851,0,Registration,-1.4703847852050063,C: registration + resource plan
F281,Myanmar,MMR,Yangon,16.8732189093604,96.19471302435284,colocation,air,multinational,2022,7.668895619682462,8399.552681640389,2.099888170410097,0,0.0,2.0,0,potable,1.9,0.0,0,,,,1.5563455208870656,1.393989567776646,1.7186609616756656,75721.66512796059,49936.35320547685,96469.70255248935,33889.02700992079,22139.916961862637,44008.820569669115,14713.869141969579,40.31197025197145,1.5372569749219147,1.553152319562421,3,estimated,36.60112625916515,0.0,0.0,0.0,0.017440143458543285,0,Registration,-0.7014297437683413,C: registration + resource plan
F282,Myanmar,MMR,Yangon,16.94699890605774,96.17267166540117,colocation,air,multinational,2020,2.316811147239654,3204.542746838094,0.8011356867095235,1,0.0,0.0,0,potable,1.9,1.233110798973494,0,,,,1.5652359023366516,1.3949718370409177,1.7299122807986909,23172.83344392188,15274.361483147111,29210.762156861816,10330.737543926953,6852.567904602337,13469.941334925583,4453.280566022822,12.20076867403513,1.5503385396660394,1.4638282661344175,3,estimated,11.200913255543362,1.0462440182997228,1.2592652718625659,1.5377409954091905,0.005273642183591966,0,Registration,-1.300007818720572,C: registration + resource plan
F283,Myanmar,MMR,Yangon,16.929703266906493,96.12787632393827,enterprise,air,regional,2012,1.35407423132006,2875.5279925668133,0.7188819981417033,0,0.0,6.0,0,potable,1.9,0.0,0,,,,1.6225383352693603,1.453617981423435,1.7856710330775252,13968.771207242564,9396.991418768115,17636.35265912645,6288.20159160384,4173.401526584763,8098.114896672726,2656.5056929196476,7.278097788820952,1.5648665503528765,1.4703254805712402,4,proxied,6.752000999683324,0.0,0.0,0.0,0.0031144673661746215,0,Registration,-1.7203580981161972,C: registration + resource plan
F284,Myanmar,MMR,Yangon,16.93214516419201,96.17021049667072,colocation,air,multinational,2024,5.4858405429414105,6386.32838904764,1.5965820972619098,0,0.0,12.0,0,potable,1.9,0.0,0,,,,1.5336103940087602,1.3683357160328415,1.7017756483827402,53883.22944228849,36199.1401469918,67557.24909114245,24118.867114953104,16154.772291498477,31056.104214145333,10499.254158921114,28.76507988745511,1.527489471823459,1.518427672169964,3,estimated,26.045212829591165,0.0,0.0,0.0,0.012459902625664727,0,Registration,-0.9085243305363119,C: registration + resource plan
F285,Brunei,BRN,Bandar Seri Begawan,4.803159028819998,115.03584496525148,colocation,evaporative,multinational,2021,4.229073601804836,6356.252640521376,1.589063160130344,1,2.5374441610829015,0.0,0,reclaimed,1.2,0.3210329229616542,0,,,,1.412414052877879,1.280476378893167,1.539597371545286,38033.05381461624,25861.31852733999,47760.22972103442,24520.007897293835,16417.43356879319,31725.08995992668,48945.789782697,134.09805419916987,1.4436065882062197,1.3676055710262356,3,estimated,26.5543903164509,0.3915566733669507,0.5273383411808598,0.8237722773609976,0.0037284600233106905,0,Registration,-0.7252668100369589,C: registration + resource plan
F286,Brunei,BRN,Bandar Seri Begawan,4.955149299230241,114.96431390347337,hyperscale,evaporative,multinational,2025,16.73171184401475,15975.127348878135,3.993781837219534,0,0.0,12.0,0,potable,1.2,0.8917499917304818,1,1.5350428983463322,1.680627265081487,0.6660274329792568,1.5346141296844054,1.483977305965792,1.5838545125326964,149860.57594507464,143085.1201413579,156933.52216230863,97413.46459792822,86642.67895939936,108278.21882315131,164075.74443814476,449.52258750176645,1.5350428983463325,1.517412286176226,1,measured,104.63151989032038,5.502623073427131,6.869283880580765,9.342679418080142,0.11319655402250803,1,IEE (category),0.3575730650131851,B: IEE/ESA-lite + water & power plan
F287,Brunei,BRN,Bandar Seri Begawan,5.018243921385298,114.90938445754372,hyperscale,liquid,multinational,2025,14.63669858752448,16645.426968248103,4.161356742062026,1,0.0,0.0,0,potable,1.2,0.0,0,,,,1.1883694327104846,1.1106974898451094,1.2964617820988484,111381.91622224916,73186.1043258311,139273.94640801862,72138.65451974985,47453.11596361688,92332.99074653356,70577.44779991562,193.36287068470034,1.3589044987668222,1.3270857235889904,3,estimated,77.76601090137,0.0,0.0,0.0,0.05525055848664919,1,IEE (category),-0.24301018725865675,C: registration + resource plan
F288,Brunei,BRN,Bandar Seri Begawan,4.900578792338204,114.96279018169882,colocation,air,multinational,2014,4.519867951502606,7143.9065298494315,1.7859766324623578,1,0.0,0.0,0,potable,1.2,0.0,0,,,,1.611292255897471,1.439739067543113,1.7737121097961828,46611.493514154055,31174.03201567186,58686.839890854906,30020.610512841162,19925.711956290925,38612.50014802035,8778.164950426868,24.04976698747087,1.5335027357056321,1.414649871322323,3,estimated,32.54379198790233,0.0,0.0,0.0,0.009251730769028476,0,Registration,-0.9495716093614421,C: registration + resource plan
